Name,PC1,PC2
4-Picolyl butyl ether,0.03729198247680037,0.003095391791136078
"3-[(N,N-Diethylamino)carbonyl]-5-methylpyrazole",0.037291961722610144,0.003092386033470274
(Z)-3-Methoxy-1-(4-chlorophenyl)-1-(methylseleno)propene,0.03729194383868507,0.003095877261034656
Methyl (E)-4-Hydroxy-6-methoxy-2-hexenoate,0.037291911803265486,0.003091850476890344
4-hydroxy-6-methyl-5-(3-methyl-2-buten-1-yl)-2-pyrrone,0.03729188251132954,0.0030964539338020746
"1-(Iodomethyl)-2,2-dimethylcyclopentane",0.03729184104867044,0.003096775110212101
"2-(t-Butyl)-3-pivaloyl-1,3-oxazolidin-5-one",0.03729183959829763,0.0030967856558365876
(S)-2-Ethyl-5-oxotetrahydrofuran-2-carboxylic acid,0.03729177999194961,0.003097188205582294
"2-Hydroxy-5-methylcyclohepta-2,4,6-trien-1-one",0.03729170757164515,0.00309761589814158
"1,3-Benzenediol, monobenzoate",0.03729168768545978,0.003090286795578154
Thiazole,0.037291550354163365,0.003098399795682493
"3,7-Dioxo-4,8-dioxy-10-ethyl-1-tetradecene",0.03729153173362815,0.0030984832810308834
"(E)-2-(1-Hydroxy-2,2-dimethylpropyl)-2-(methylthio)thiolane 1-oxide",0.03729147870461109,0.0030892639582780126
dichloromethyl propyl sulfone,0.03729145571072615,0.0030988085981668995
"1,6-Di-O-(Ethoxyethoxy)pseudo-D-arabinopyranose [2,3-Dibenzyloxy-1-(ethoxyet...",0.03729143937319205,0.003089094515906733
".alpha.-Carboxy-.alpha.-methyl-.gamma.,.gamma.-dimethyl-.gamma.-butyrolactone",0.037291374977111186,0.0030888286551630775
Phenylethyl Alcohol,0.037291360161857356,0.003088769333330306
"1-Chloro-3-methyl-1-[(2'-nitrobenzene)sulfinyl]-1,2-butadiene",0.037291175714148944,0.003088078608023949
"2,5-Hexanediol, 2,5-dimethyl-",0.03729101278657096,0.003087527289394439
"Propanoic acid, butyl ester",0.03729090046800927,0.003100708604946294
"2,2,5,5-Tetramethylhexane-3,4-diol",0.03729082873818071,0.0030869541683724655
"1-Methyl-3,4-diamino-cyclohexane",0.03729076571001975,0.0030867678831714837
"(2,2-Diiodo-1-methoxyethynyl)benzene",0.03729076293357516,0.003101098063285573
tris(Trimethylphosphane) rhodium chloride,0.03729074755839306,0.0030867150774150417
Phenylazomethane-amidoxime,0.03729046666612356,0.003101868751622244
Neopentyl 2-hydroxybutanoate,0.037290210263671575,0.0031024765288586637
4-Hydroxy-4-phenylcyclohexanone - ethylene ketal,0.037289735221603976,0.003084192500259708
"2,3,4-Trimethyl-2-pentanol",0.037289716327686115,0.003103532924829562
"2,5-Dimethyl-4-vinyl-hex-5-en-2,3-diol",0.03728948926913019,0.003103978831441169
"Ethyl 4-(chloromethylene)-2,2-diphenyl-3-oxazoline-5-carboxylate",0.0372893636068695,0.003104216690530378
Ethyl 2-Nonylacrylate,0.03728935113249099,0.0030833835977957386
"1,3,5-Heptatriene, (E,E)-",0.037289286181192656,0.003083252462954755
.alpha.-Methylbenzylnitrile,0.037289078131757254,0.0031047361398213475
cyclopentanecarbonitrile,0.03728897367109732,0.003104919598713047
5-methyl-5-nitro-2-hexanone,0.03728876443960895,0.003082248802112544
[(acetonyloxy)methyl]-15-crown-5,0.037288538147268804,0.0030818375533201194
"5-Methyl-5-( 2'-propynyloxy)-1,2-octadien-7-yn-4-one",0.037288042776762655,0.003080979494540027
N-Methylformide,0.03728798411814972,0.003106515404644934
(+-)-3-Hydroxy-2-methylenepentanoic acid,0.0372878516301734,0.003106712662181901
(S)-3-Amino-4-cyclohexyl-2-methylbutan-2-ol,0.03728742375676956,0.00307997569230686
3-(o-Anisyl)-3-phenylpropenal,0.037287372276994316,0.0030798951840636784
N-Ethyl-2-isopropoxycarbonylazetidine,0.037287349201758586,0.003107432152608241
"3,3-dimethylpentane-2,4-dione",0.037287306358126035,0.003107491569675282
"4,5,6,8-PTetramethoxy-2,3-dihydroindeno[1,2,3-ij]isoquinolin-9-ol",0.037287271639154025,0.0031075395098647614
"2,2-Dimethyl-3-(1'-methyl-1'-propenyl)cyclobutane-1-ethyl formate",0.03728678545058379,0.003079005583053171
E-Citral,0.03728672315211039,0.003078913970389477
1-Cyclohexyl-2-methylbut-3-en-1-ol,0.037286386718585265,0.003078427760877871
2-Methylpropanoic acid,0.03728479778536027,0.003110571679153175
"2,2-Dimethylpropanoic anhydride",0.03728453740427464,0.0030759689100173706
Propanoic acid,0.03728442504888714,0.0030758292682921745
"4-Heptanol, 4-methyl-",0.0372841549804603,0.003075497497777376
9-Hydroxyinalool,0.03728345713200658,0.0030746639584502506
Methyl 4-trifluoromethyl-3-(2-chlorophenyl)-1H-pyrrole-2-carboxylate,0.03728296080384046,0.003112472997198626
"(2R,3S)-{3-[4-[(Tetrahydropyran-2-yl)oxy]but-2(E)-enyl]oxiranyl}methanol",0.037282935698290665,0.0031124974611873905
"3-Oxa-7-thiatricyclo[3.3.0.0(2,4)]octane 7,7-dioxide",0.03728293241472878,0.0031125006581267643
"2-Propenoic acid, methyl ester",0.03728281273738225,0.0030739218730183827
"5,5-Dimethyl-1-oxaspiro[5.5]undec-2-ol",0.037282664797472574,0.003073754938560858
"1,5-Heptadiene-3,4-diol, 2-methyl-",0.03728241961626795,0.003073480944891082
2-OXOPROPIONAMIDE,0.03728235316761298,0.003073407246792709
Allyl Butyl Ether,0.037281968441112534,0.003072985069880482
3-Butylisobenzofuran-1(3H)-one,0.03728184082205319,0.0030728466824969138
"3-Methylbut-2-enoic acid, 2-dimethylaminoethyl ester",0.03728180348578922,0.00311356480853022
"1-Acetyl-4,5-dihydro-1H-pyrazole",0.03728098272565661,0.003071936205541622
"DL-2,3-Butanediol",0.03728030777820788,0.0030712427420270996
"2,6-Diisopropylfuran",0.03727935633050628,0.003115669473888814
"Pentane, 2,2,4-trimethyl-",0.03727898446683745,0.0030699343411318735
(+-)-Methyl 1-(1-chloro-2-phenyl-2-oxoethyl)-1H-tetrazole-5-carboxylate,0.037278893960675095,0.0030698471287111608
"Pentane, 2-chloro-",0.03727728027735535,0.003117284862412495
(E)-2-(But-2-enyloxy)butan-2-one,0.037276642554738004,0.0030677593680884475
Guanidine carbonate,0.03727595791300129,0.0030671525427342734
"3-Penten-2-one, 3-methyl-",0.037275590799711864,0.003066831981493624
"(2S)-2-Allyloxy-1,4-bis[(methanesulfonyl)oxy]butane",0.037275586906076984,0.0030668285990630784
"(RS)-3,4-Dihydro-4-methyl-2-pyridone",0.037275214108261685,0.0030665064069939777
1-Methoxyhexan-2-ol,0.03727435151018486,0.003065773049540409
"3-(t-Butyl)-4,4-dimethyl-1-penten-3-ol",0.03727277650767145,0.00306447444121032
2-Nitro-1-phenylpent-4-ene-1-one,0.03727259326765892,0.0030643265135218995
.alpha.-Isobutyl-.alpha.-(formylamino)acetonitrile,0.03727157664687948,0.0030635169185400657
methyl hydroxycarbamoyldiazirine-3-carboxylate,0.0372692436722302,0.0030617244036103275
"3-(Chloromethyl)-1,1,2,2-tetramethylcyclopropane",0.03726868974205702,0.003061311008961012
"(1,1,2,3,3,3-hexafluoropropyl)cyclopentane",0.037267926825359364,0.0030607487215981288
1-METHOXY-1-(TRICHLOROMETHYL)CYCLOHEXANE,0.0372678681444298,0.00306070580202295
anti-3-Methyl-5-methylenenon-2-en-4-ol,0.037267274017649066,0.0030602738291822633
"4-hydroxy-4-(trifluoromethyl)-2,5-cyclohexadien-1-one",0.03726690549000551,0.003060008189990218
Phosphorus trifluoride,0.037265922170598216,0.003124428167128843
Cyclododecane,0.0372651663557682,0.0030587771996471785
Formamide,0.037264689625143066,0.003125085402130186
"trans-3-Hexene-2,5-dione",0.037264434881107575,0.003125219088446314
(R)-1-(Methoxyethoxymethoxy)methyl-1-methyloxirane,0.03726417159815079,0.0030580888957021787
Methyl propargyl ether,0.037263565397610166,0.0031256700645434956
1H-Pyrrole-2-carboxaldehyde,0.03726304789554215,0.0030573242537720972
Cyclopropane,0.03726163123167689,0.0031266452954939045
"1,3-Benzenediol, o-(4-ethylbenzoyl)-o'-(3-methylbenzoyl)-",0.037259371574036734,0.003127739737935113
.gamma.-1-Acetoxyethyl-1-methyl-c-2-isopropenylcyclobutane,0.03725904537979475,0.0030547007686243764
"3,3-Bis(methoxymethyl)oxacyclobutane",0.037257441655117476,0.0031286397128514154
N-Methyl-2-isopropoxycarbonylazetidine,0.03725736316319048,0.0031286756807817487
"1-D1-1,2,4-TRIAZOLE",0.03725630441320607,0.003052983755753633
"(2R,5R)-2-tert-Butyl-5-(N,N-dimethylaminomethyl)-1-aza-3-oxabicyclo[3.3.0]oc...",0.03725584145777958,0.003052699472800121
"2,5-Anhydro-3,4,6-trideoxy-6-azido-D-iditol",0.03725504147961768,0.003129718470735698
2-(trans-2-Methyl-2-butenoxy)cycloheptene,0.037254346939723564,0.003130022828856362
"Butane, 2-isocyanato-",0.037251984526013006,0.0030503894261230376
"1,3-Bis(5-t-butylsilicyl)benzene",0.037251675999779084,0.0030502088740438863
"exo-Tetracyclo[4.4.1.1(2,5).0(7,10)]dodeca-3,8-diene",0.03725043984484948,0.0030494913389583437
"N-(1'-Ethyl-4'-piperidinyl)-2-methoxy-5-[N-methyl-N-(4""-toluenesulfonyl)amin...",0.037249025854349416,0.0031322504876984828
"(S)-3,9-dimethyl 6-(1-methylethyl) (E)-5,8-decadien 1-ol",0.03724531118517438,0.003046607230446782
n-Decanoic acid,0.03724456174388142,0.0030461973378416675
"3,3-dimethyl-2-phenylbutyl phenyl sulfone",0.03724227666288778,0.0030449642018312807
"trans-2-(2-Ethenylcyclohexyl)-2-methyl-1,3-dioxolane",0.03724181318103472,0.003135018313373861
"p-Toluic acid, 3,4-dichlorophenyl ester",0.037241532830017104,0.003044567997242671
5-Propyltetrahydropyran-2-one,0.03724040097371877,0.0030439698120595217
"Carbonic acid, monoamide, N-propyl-, benzyl ester",0.037239032244048675,0.00313602011005825
Chromonar,0.03723526837607697,0.0031373254781862335
(RS)-4-(tert-Butoxy)-3-methylbutanal,0.03723492310097365,0.0030411495449076927
"syn-(1RS,2'SR(E))-2-(3'-Amino-2'-methylpropylidene)cyclohexanol",0.03723446851577002,0.003137595887577688
1-Octanol,0.037234001525657714,0.003040686438866208
(S)-.alpha.-Isopropyl-.beta.-nitropropanenitrile,0.03723307643723589,0.003138060963108223
Ethylene glycol monoisobutyl ether,0.03723304948796272,0.0031380698983296943
3-Pentadecanone,0.03723294520627906,0.0030401593880285674
"Propanal, 2-methyl-",0.03723201402342046,0.0030396980284685075
3-(2'-N-tert-Butoxycarbonylaminoethyl)cyclohex-2-en-1-one,0.037230627820629934,0.00313886258306586
Methylenecyclopropanecarboxylic acid,0.037228818356582705,0.0030381369339994024
"1-BENZYLOXYMETHYL-1-HYDROXYMETHYL-2,5-CYCLOHEXADIENE",0.03722869301869255,0.0030380763833013818
"2,6,10-Dodecatrien-1-ol, 3,7,11-trimethyl-",0.03722869012514441,0.0030380749860169287
Decanoic acid,0.03722853974773833,0.0031395304103366763
"1-Propene, 3-fluoro-",0.037228381451394024,0.003139580468729345
"[1R-(1.alpha.,2.alpha.,6.alpha.)]3,7,7-Trimethylbicyclo[3.1.1]hept-3-ene-2-t...",0.03722810157460618,0.003037791325336448
3-Hexadecanone,0.03722517958888067,0.003036398757453742
"2-Methyl-1,4-butanediol",0.03722510596633277,0.00314059903096255
2-Methyl-7-nitrobenzo[b]furan,0.03722055961110731,0.00303424722676618
Acetonitrile-d3,0.03722040960685165,0.0030341783452061703
"1,1,2,2,3-hexafluoro-4-decanone",0.03721951411846283,0.0030337683653934577
testosterone 17b-acetate TMS,0.03721677343693178,0.0030325263216536558
"1,2-Ethanediol, monoacetate",0.03721625633707857,0.0030322940683850594
"2,3-Dimethylsuccinodinitrile",0.03721553657541031,0.003031971865979235
"Heptan-2,3,6-trione",0.03721485456285766,0.0030316677026422196
3-Oxobutyramide,0.0372114534270585,0.0031445306575417077
"N-(Tosylmethyl)-2,2-dimethylpropanamide",0.03720773278639054,0.0030285543758514603
"5,7-Epoxy-5H-naphtho[1,8a-b]furan, 2-propenoic acid deriv.",0.0372069293295579,0.0030282099658632423
"Piperidine, 1-acetyl-",0.037206080913653926,0.0030278477081549923
S-Cyclopropyl Cyclopropanethiosulfonate,0.037199905817362336,0.0030252532133176408
6-Methylbenzimidazole-2-sulfonic acid,0.03719905040682143,0.003024899401312236
1-METHOXY-BUT-2-YNE,0.03719800359449828,0.00302446819346358
"1-tert-Butyl-1,4-dihydro-4-(1-methylethyl)-5H-tetrazol-5-one",0.03719757520721735,0.0031481024172019447
(E)-Oct-2-en-4-one,0.037196575393433434,0.0031483458271123017
2-13C-Methoxycyclohexane,0.03719646379082433,0.0031483728906851033
"3-Hydroxy-4-methoxybenzaldehyde, TBDMS",0.037194762280248504,0.0031487828916878188
3-Ethyl-2-methyl-2-heptanol,0.03719248762791901,0.003022226999717174
"1-Propanol, 3-(methylthio)-",0.03719106919708901,0.003149656372815445
2-Azabicyclo[3.2.1]octan-3-one,0.037190864414113595,0.0031497041684210286
1-Nitro-2-(but-3-enyl)cyclohexane,0.03719079651748332,0.0030215498771477512
2-Acetyl-2-methyltetrahydrofuran,0.03719041566588499,0.0031498086748083533
"5-oxo-5,6-secocholest-3-en-6-oic acid",0.03718914434775637,0.0030208926772233753
dispiro[3.0.3.3]undecane-9-one,0.03718877101324569,0.003150189020595984
.alpha.-(3-hydroxyphenoxy)acetophenone,0.03718770702101247,0.0031504328824693
"Isopropyl O-(isobutoxycarbonyl)-2,3,4-trideoxy-4-methyl-.alpha.-D-erythro-he...",0.03718765585839573,0.0031504445657341185
"1-Methyl-2,3-dihydro-1H-pyrrolo[3,2-c]pyridine",-0.03718550655397795,1.0055684976256041e-4
Propanal,-0.03718539215402325,1.807532457472924e-5
2-carbomethoxy-bicyclo[2.2.1]heptane(exo),0.03718492242541449,0.003019232025012728
Methyl ester of cis-2-Chlormethyl-tetrahydrofuran-3-carboxylic acid,0.037184794896079516,0.003019182269949663
"tricyclo[4.3.2.0(1,6)]undeca-2,4-diene",0.037184339716023404,0.0030190048736840197
3-Hexanone,0.03718429817310814,0.003018988698032103
"1,2-Benzenediol, O-(4-ethylbenzoyl)-O'-propargyloxycarbonyl-",-0.037183899333313154,5.193927644372994e-4
2-[(1-Ethynyl-1-methyl-2-propenyl)oxy]ethanol,0.03718222014406485,0.0030181826873238726
"4,5-Dioxononanal",-0.03718069912361473,8.055096208182599e-4
"Oxetane, 2,3,4-trimethyl-, (2.alpha.,3.alpha.,4.beta.)-",-0.03717987793293991,8.611898124114395e-4
"1,4-Diazido-2,5-dimethylcyclohexane",0.03717720760945985,0.003016262808075398
Propyl pyruvate,0.0371770936200907,0.0030162195359524184
"5,6-bis[(Triisopropylsilyloxy)methyl]dec-5-ene-1,3,7,9-tetrayne",-0.037175937175129736,0.0010843807600876664
2-Methyl-2-chloro-3-(chloromethyl)butyrolactone,0.0371751255288312,0.003153194453346121
"Hexane, 3,3-dimethyl-",-0.03717475829255392,-8.900021490416296e-4
exo-3-(Phenylsulfonyl)bicyclo[3.2.1]octan-8-one,0.03717440103901046,0.003153347053393239
"N-Perfluorobutylsulfonyl-2,3,5,6-tetramethylaniline",0.03717431940220016,0.003015171533734427
"spiro[2,3-dihydroxy-1-oxa-5-oxocyclopentane--4,3'-1',2',5',6'-tetramethylbic...",0.0371728526220083,0.0031536710025657517
trans-isopropyl(phenyl-seleno)sulfine,0.03716663167786847,0.003154943397426341
Methyl trifluoroacetate,0.03716643726445643,0.0031549824345756703
Pent-4-enal,0.037162777550981976,0.0030109111505857798
"1-[1,2,4]Triazol-1-ylethanone",0.03716232741325462,0.0031557977843222024
"Hexane, 3-ethyl-4-methyl-",-0.037158485398816145,-0.0014844103205418912
(E)-2-Tetradecen-1-ol,0.03715740805163622,0.003008979772062382
"N,N'-Dicyclohexyl-N,N'-diisopropyloxomalonamide",0.0371557557478602,0.003008391466000393
"3H-1,2,4-Triazol-3-one, 1,2-dihydro-",-0.03715432453448951,-0.0016038829269981224
4-(1-Methoxy-2-methylpropyl)pyridine,0.037153946263422444,0.0030077503396523896
"(4E)-2,2,4-Trimethylhex-4-en-3-one",0.03715354956222189,0.0030076102158688844
1-(2-Methylphenyl)pentan-1-one,0.037153366387504494,0.003157513327531174
Dimethyl Sulfoxide,0.03715232879807049,0.0030071799797371673
"(2S,3S)-3-Methoxy-2,4-dimethylpentanol",0.03715218860915611,0.0031577327935807245
"1-(exo)-dimethoxymethyl-4,7-bis(trifluoromethyl)-1a,5,7a,7b-tetrahydro-1H-cy...",0.03715180981588681,0.0031578030918516884
"1,2,6,8-Tetramethoxy-7-methyldihydrodibenzo[b,f]cyclohepten-5-one",0.03715090364821242,0.003157970703538855
"3t-Bromo-1-vinyl-1c,2r-cyclohexanediol",-0.03715072982860346,-0.0017008097337937057
"3-(2-(2-METHYL-3-ALLYL-1,1-ETHYLENEDIOXYCYCLOPENTAN-2-YL)ETHYL)-1,5-HEXADIYNE",-0.0371477109081982,-0.0017783974534157203
Levulinamide,-0.03714682888820137,-0.0018004749636651024
(Z)-1-Amino-2-propananone -O-methyloxime,-0.037143723445286714,-0.0018762659747902106
Benzeneethanol,-0.037142061124693634,-0.001915678212720386
"2,7-exo-4,11,6-Dioxazatricyclo[6.2.1.0(2,7)]undec-9-ene-3,5-dione",0.037142016906212605,0.003003601499491925
"1-Butanol, 2-ethyl-",0.03714131551166668,0.0031596976567616953
"2- and 4-(Trimethoxyacetoxy)-2,5,5-trimethyl-3-hexanone",0.03714120330004741,0.0030033232251504612
"1,1,2,3-tetrmethylcyclobutane",0.037138273424121335,0.003160228606019026
2-Vinylfuran,0.03713581478868449,0.0031606520422585347
"5-(1-Ethoxyethoxy)ethyl-5-methyl-(5R)-1,3,2-dioxathiolane-2-dioxide",-0.0371357194959672,-0.0020595010373510823
4-Pyridinecarboxamide,0.03713503783369621,0.003001232720123179
"2-ACETOXY-1-ACETYL-6-(1-ADAMANTYL)THIO-3-HYDROXY-3,5-DIMETHYL-1,2,3,6-TETRAH...",-0.03713445632727124,-0.0020870299921780305
"1,3-Propanediamine, N'-(ethylcarbonimidoyl)-N,N-dimethyl-",0.037131442906342405,0.0030000281782175207
"(Z)-3-Deuterio-N-(2-deuteriomethyl-3,3-dimethylbutyl)-2-methylallylamine",0.03713121130856247,0.002999950929196352
"2,2-Dimethyl-3-(2-methyl-1-propyl)cyclobutanone",0.03712944652633114,0.002999363663599825
"2,,5,5-Tetramethyl-3-oxacyclohexanone",-0.03712835466618912,-0.00221544202198886
"2,2,6-Trimethyl-4H-1,3-dioxin-4-one",0.037127891172062284,0.0031619835721769093
Octyl Trifluoromethylsulfoxide,0.03712713324272854,0.002998597505059368
(R)-(+)-1-(3-tetrahydrofuryl)-1-oxo-2-hexyne,-0.03712612884576397,0.0025118888224460187
CROTONIC ANHYDRIDE,0.03712591390979691,0.0029981952940949003
cis-2-(1'-Chloro-1'-methylethyl)-5-methyltetrahydrofuran,-0.03712534881692014,-0.0022761720613824034
"Formic acid, decyl ester",-0.03712522282900365,-0.0022786839264468265
"1,1'-Ethylenedi-2-imidazoline",-0.03712078817602475,-0.0023654813912519614
3-Methyl-1-(2-tetrahydropyranyloxy)-2-butene,-0.0371203375744507,-0.002374131636531599
"(5S,6R)-4,5-Dimethyl-6-phenyl-3,4,5,6-tetrahydro-2H-1,3,4-oxadiazin-2-one",0.03711906528185679,0.00299595648650862
Desoxyanisoin,-0.03711793757200101,-0.002419707950476811
"4-Hexen-1-ol, 5-methyl-2-(1-methylethenyl)-, acetate",-0.03711733447406524,-0.002431032704571132
"3-Decen-1-ol, acetate, (Z)-",-0.03711690610601464,-0.002439045971069192
N-(But-2-enoyl)prop-2-enamide,0.03711524572063314,0.002994722328990216
Vinyl N-cyclohexylcarbamate,0.037115183553640615,0.003164020685219312
"2,3-Dihydro-2-methyl-5-ethylfuran",-0.037114822292034534,-0.0024776738524896714
"Methyl (2RS,3SR,4RS)-2-phenyl-4-(phenylseleno)tetrahydro-3-furancarboxylate",0.03711336281790545,0.002994117607667542
piperidine hydrochloride,-0.0371126184446198,-0.0025179106500655595
3-ETHYL-PENTAN-2-OL,0.03711137345094933,0.002993481272360229
"(2S,3S)-3-Azido-3-[(1-benzyloxy)cyclopropyl]-1,2-propanediol",-0.03711010691274182,-0.002563028399069238
"Acetic acid, octyl ester",-0.03710780388943284,-0.002603742639937079
"2,3-Dihydro farnesyl acetate",-0.03710656112802292,-0.002625461699645848
"Disulfide, diphenyl",-0.037106189547087956,0.0028831147892459403
"p-Anisic acid, 4-nitrophenyl ester",-0.03710586771213242,-0.002637505662676359
"trans-2,3-di(ethoxycarbonyl)-bicyclo[2.2.2]oct-5-ene",-0.03710490169890898,-0.002654197054458334
"Ethane, hexafluoro-",-0.03710446058806766,-0.0026617854771413567
Tetrahydrofurfuryl acrylate,0.03710387892118922,0.002991107071106127
3-(Hydroxymethyl)cyclohex-2-en-1-one,0.03710228781046688,0.0029906075729173604
"1,6,10-Dodecatrien-3-ol, 3,7,11-trimethyl-, (E)-",-0.03710149679113511,-0.0027122433958693994
"trans-Methyl 2-methyl-3-(2-hydroxyphenyl)-3,4-dihydro-1(2H)-isoquinoline-4-c...",-0.03709600845950066,-0.0028033772629371713
"3,3-(Ethylenedioxy)octanal",-0.03709534715884645,-0.002814166648966376
2-Propanol,-0.037095015884109524,-0.0028195566037773822
"3,5,7-Trimethyloxepan-2-one",0.03709384165075811,0.0029879815532003334
2-Tetradecanone,0.0370933952673677,-0.0053333103723954434
"Decanoic acid, ethyl ester",-0.03709194589450992,-0.0028690428434271975
"1-(Methoxyphenyl)-4-phenyl-1,2,4-triazoline-3,5-dione",0.03709102732569277,0.0029871157618735723
"meso-4,6-Dimethyl-2-(1'-ethoxycarbonylmethylene)-1,3-dioxane",0.037089375011219394,0.0029866095261573532
"Carbamic acid, (2-hydroxy-1-methylethyl)-, 1,1-dimethylethyl ester, (s)-",-0.03708842654944525,-0.002924780376033745
"1-Pentanone, 1-(4-methylphenyl)-",-0.037088137729714005,-0.002929309184192836
p-Methylbenzyl acetate,-0.03708797173714964,-0.0029319089633332903
1-mercapto-2-methoxycarbonylaminobut-3-ene,-0.03708740053555523,0.0031919035389824423
"2,5-Dihydro-3,4-dimethylthiophene 1-oxide",0.03708443020588445,0.00298510351173131
3-cyano-1-methoxymethoxyhept-2-ene,0.03708216425087585,0.0031688261584084027
"Benzene, isocyanato-",0.037077205130798034,0.003169494641301591
1-[(p-Methylphenyl)amino]acetone Oxime,-0.03707560336864965,-0.0031197405154677685
Bicyclo[2.1.0]pentane,0.03707347403650478,0.0029818126011776774
"1,3-Benzenediol, o-(2-methoxybenzoyl)-o'-propargyloxycarbonyl-",0.03707105227737943,0.0029810933617752623
2-[[4-Bromobut-2(E)-enyl]oxy]tetrahydropyran,0.037068355594751315,0.002980295833457578
"Propanoic acid, hexyl ester",0.03706663842012973,0.002979789806317798
"3-Buten-2-ol, 4-phenyl-",0.037056977978440646,0.0031720960814128575
2-Cyclopropyl-2-methyltetrahydrofuran,0.03705619857002676,0.0029767427863641137
n-Fluorodacane,0.03705215351547375,0.0031726887835747666
"Isopropyl 3,7,11-trimethyl-11-methoxy-2-.xi.-dodecenoate",0.037051403614682996,0.002975359657104289
"4'-(n-decyloxy)phenyl 4-[(S,S)-2,3-epoxy-(S)-1-hydroxynonyl]-benzoate",-0.037045938411072454,-0.0035309290674355705
"Ethanamine, N-methyl-",0.0370421682304687,0.0031738839734228
"N-[(5R)-10,10-Dimethyl-3,3-dioxo-3-thia-4-azatricyclo[5.2.1.0(1,5)]dec-4-yl]...",0.03703824201289685,0.0029716129737185435
4-Methyl-3-propylpyrrolidin-2-one,0.0370382145016454,0.0031743459033468048
1-(.alpha.-Hydroxybenzyl)cyclopentanol,0.037037966092816586,0.002971535181765686
4-methoxymethoxybut-2-yne,-0.03703789770827855,0.003885325908693129
2-Methyl-1-cyclopentanol,0.0370377495777245,0.002971474159336203
"(2R)-1,2-Dibenzyloxy-5-(1,3-dioxolan-2-yl)pentan-3-one",0.03703657407270951,0.0031745357354771063
"Octa-1,3,7-triene-3,4-oxide",0.03703487543202722,0.0031747311915511934
"Butane, 1-chloro-",0.03703414962767957,0.0031748143646860016
"1,3-diacetoxypropa-2-one",0.037032766632014144,0.0029700748398541433
Methyl ester of 3-methyl-1-phenylpyrazole-4-carboxylic acid,0.037032530762241764,0.0029700088408367957
3-(1-Methylpyrrolyl)-3-azoacetone,0.03703136025543912,0.0029696816346852246
Bis(1-norbornyl)mercury,0.03702320599116205,0.0031760442221677354
1-Isopropyl-2-((phenylthio)methyl)cyclopentene,-0.03701778750279494,-0.00388206245616555
N-Methoxy-N-methylpropionamide,0.03701726306592271,0.0029657808551229823
Photocitral a,0.03701653144525199,0.003176772765252726
"2,3,4-Trimethyl-5-hexen-3-ol",0.037014084189201255,0.0031770359477017096
2-(Tetrahydropyran-2-yl)oxy-5-hexen-3-ol,0.03700908045101271,0.0031775676417519147
"N-Allyl-N,N-dimethylamine",0.037008913347310345,0.003177585251364897
"(R,R)-(+)-3-(2-Oxopyrrolidin-3-yl)butanoic acid",0.03699857141325522,0.003178657137165106
Ethyl 4-Methylheptanoate,0.036997443058419746,0.0029604137046413143
"(E)-5,5-Difluoro-4-hydroxy-2-dodecen-6-one",0.03699670625598086,0.002960216664307549
3-Methyl-1(E)-3butadienyl tert-butyl sulfide,0.03699048086262323,0.0029585586127708454
Diisobutyl cellosolve,0.03698498262630336,0.002957104110191229
2-acetonylcyclooctanone,0.03698319519255614,0.003180188253001441
"3,3',5,5'-TETRAMETHYL-1,1'-BIADAMANTE",0.03698317594435414,0.0031801901247855108
4-Ethyl-2-methylpyrrole-3-carbonitrile,0.03698194001159449,0.00295630310508058
Dibutyl phthalate,-0.03697922514156903,-0.004317898426731952
Tetraethyleneglycol diglycidyl ether,0.03697792077399348,0.003180697102071632
2-Undecanol,0.03697738602890212,0.003180748240760015
"6,7-Bis(hydroxymethyl)-3-thiabicyclo[3.2.0]heptane 3,3-dioxide",0.0369661472965238,0.002952188290200943
"N,N-Diethyl-3-(2-pyridyl)-3-oxo-propionamide",0.036965081105830314,0.0029519129998973924
"1,4-diphenylbut-3-ene-2-ol",0.036960617437127655,0.0029507638125739347
"Hydrazine, 1,1-dimethyl-",0.0369582626033976,0.003182524575000653
3-Ethoxy-2-butanone,0.036954233646485965,0.0029491294631404626
1H-Imidazol-2-amine,-0.03694578492330561,0.004913639559015021
2-Pyridinecarboxylic acid,0.03694122464000914,0.002945831244669358
2'-Methyl-2'-propenyl 2-Propynaoate,-0.03693737947703254,-0.004746511536180246
3-Pentanone,0.03693585991509581,0.002944483279059354
"N,N-Dimethyl-2,2-bis(1'-naphthyl)acetamide",0.03693248907216183,0.002943639830800408
cis/trans-5-Phenyl-2-tetrahydrofurylmethyl 2'-pyridyl sulfide,-0.03693016838811711,-0.004816575192846597
"1-Methyl-1-(2,3-butadienyl)hydrazine",0.03692940872922849,0.0029428714113215486
"(3R*,4R*)-3,4-Epoxy-7-hydroxy-1-phenylhept-1-yne",0.0369241732792794,0.0029415704262456014
"Acetic acid, dodecyl ester",0.03692410678590979,0.0029415539433412675
"trans-1,4-Diacetoxy-2-butene",0.03691478634750228,0.003186216671382536
Hydrazino(3-phenylsydnon-4-yl)methanone oxime,0.036901942443166226,0.0029361140966374794
ENDO-2-AMINO-9-OXABICYCLO(3.3.1)NON-6-ENE,0.03689191827980737,0.0029336880196756503
"(1'RS,2RS,3'S,5'R)-[5'-((tert-Butyldimethylsilanyl)oxy)-3'-fluoro-2'-methyle...",0.0368911645811868,0.0029335064321123726
"2(3H)-Furanone, dihydro-5-propyl-",0.0368899913485756,0.0029332239929296244
"Ether,1- propenyl propyl",0.03688846292427365,0.003188245573045082
Butyl trifluoroacetate,0.0368878112608823,0.002932699895111076
6-Iodo-1-octene,0.03688686434278314,0.002932472547048452
"(E)-3-methyl-2,4-pentadien-1-ol",0.03688250927336755,0.0031886849174238402
1-Deuterio-2-cyclohexenyl acetate,0.03687291958431638,0.0029291446470073364
Cyclopropylmethyl cyclopropane-1-carboxylate,0.03686755160582556,0.0029278733949123573
"2,2-dimethyl-1-nitropropane",0.03685850551733668,-0.0016421053402854546
"4-Cyclohexyl-5,5-dimethylcyclohexane-1,3-dione",0.03685564548123718,0.003190583928622247
N-[(5-Methyl-5-hexenyl)-2-oxy]pyridine-2(1H)-thione,0.03684939006286537,0.002923611047151036
"[3-Amino-1,2,2-trimethylcyclopentyl]methyl acetate",0.036847116107475736,0.002923081455340258
"(1R,2R)-2,3-Dibenzyloxy-1-[2-(1,3-dioxolan-2-yl)]ethylpropyl methanesulfanate",0.03684629186847829,0.0029228897136797695
"(1R,2R)-1,2-Dihydroxy-3-cyclohexene",0.03684515941090581,0.0031912899838828952
"(E)-1,3-Bis(1-hydroxycyclohexyl)propene",0.03684327654709829,0.0031914147609170673
"2-((1R,2S,5R)-Menthyl)tetrahydropyran",0.03683926378286483,0.0029212594612576526
"2-Methoxymethyl-5-trimethylstannylpyrrolo[1,2-c]pyrimidin-1(2H)-one",0.03683537433040261,0.002920360810336713
"Ethyl 4-oxo-5,5-dimethylhexanoate",0.03682210838091137,0.0029173143019726403
"5.18 Pyrazine<2,5-dimethyl->",0.03682207690180361,0.003192779132789573
5-Cyclohexyl-2-pyrrolidinone,-0.036821391708396926,0.0060212930933637
"5-hydroxy-1-deutero-1,2-pentadiene",0.036818806465449556,0.002916560387037106
"Furan, 2,3-dihydro-4-methyl-",0.03681433158508684,0.002915541368959086
"1,3-Propanediol, 2-methyl-2-propyl-, dicarbamate",0.03680448103763665,0.0029133090187685624
"3,3a,4,5,6,6a-hexahydro-3a-methoxy-4-methyl-3-(4-nitrophenyl)pyrrolo[2,3-d]-...",0.03680305684182713,0.0029129874753146164
(E)-2-(But-2-enyloxy)-N-methoxy-N-methylacetamide,0.03678232583012582,0.0029083405205797136
"(3S,4R)-3,4-Dihydroxy-5-cyano-1-pentene",0.036780467773215295,0.003195254791862452
"(7Z,11Z)-Hexadecadienal",0.03678025847481115,0.002907880471566716
Ethyl amino(phenyl)acetate,0.036767525259807116,0.003195974273564572
3-Methoxy-2-propenal,0.03676243636820439,0.0029039387925326055
"Ethanamine, 2-(methylseleno)-",0.03672170418309575,0.0031983462990610445
1-Acetoxymethyloxyundec-10-ene,0.036708140038364374,0.002892180685262388
"Cyclohexanone, 3-methyl-",0.036700124802364356,0.0028904746817979728
"Benzene, [(cyclohexyloxy)methyl]-",0.036692345294290135,0.0028888257335090983
Dec-1-en-4-ol,0.03669183724537435,0.0028887182798304073
"2-oxa-4-methylene-6-(methylethenylcarbonyloxy)-8-acetoxy-8,12-dimethyl-9,13-...",0.036681040662793186,0.0028864414118586236
"1,2-Benzenediol, o-(4-methoxybezoyl)-o'-(5-chlorovaleryl)-",0.03666028371918114,0.0028820987317244584
1-Chlorooct-2-yl acetate,0.0366534589968398,0.0028806805654273543
1-METHOXYBICYCLO(3.2.1)OCTANE,0.0366443006275315,0.003201802081898823
"2-(1-Propenyl)-2-n-butyl-1,3-oxathiane",0.03662659182153631,0.002875142198064307
"(1S,6R)-6-Methyl-3-isopropyl-5-oxocyclohex-3-enecarbonitrile",0.03662359156891256,0.0032026224732163468
"2,3-Dimethyl-2,3-butanediol cyclic carbonate",0.036607760621670274,0.0028713010975937887
"[1R*,5S*]-1-(Phenylsulfonyl)-2-oxo-3-oxabicyclo[3.1.0]hexane",0.036601731279753684,0.002870078089173913
p-Methylhydrocinnamic acid,0.03656642589485946,0.0028629803324793056
Methyl 2-Butenyl Ether,0.036565085522091784,0.002862712945710371
"(E,Z)-6-Phenyl-5,11-didecadienal",0.036556339616197295,0.0028609718729972807
"(1R*,2R*)-Dimethylcyclopentan-1-ol",0.036541406568286,0.002858013379298594
"5-Decen-1-ol, acetate, (E)-",0.03654109260326487,0.0028579513675543854
Bicyclo[2.2.2]oct-5-en-2-one,0.03653148586477776,0.0028560576485464756
[(E)-1-butyl-2-hex-2-enylidene]cyanamide,0.036517749738147656,0.002853362264065653
"(R)-2-[3,3,3-D3]methylpropanoic acid",0.03650283866512628,0.002850452359544807
"Cyclopentasiloxane, decamethyl-",0.036500685976901336,-0.005416138653717933
Bis(4-methylpiperazin-1-yl)methane,0.03647534282180545,0.00320742199740392
"1,2,4-Triazin-3-amine, 5,6-dimethyl-",0.03646330452874915,0.0032077385233369856
"1-O-Acetyl-2-azido-2,3,6-trideoxy-.alpha.-DL-ribo-hexopyranose",0.03645297143429108,0.0028408362187343807
methyl monoterpenyl succinate,0.036446211962866557,0.0028395458559314374
"3,5-Dimethylbutyrolactone",0.03644516412293385,0.0028393460968737013
(-)-Lavandulol,0.03639600166101037,0.0028300527986138847
(Z)-4-aminocrotonic acid,0.03638905000797417,0.002828750794784658
1-(1-Ethoxyethoxy)-5-pentanol,0.036367785889183685,0.0028247859536379843
"2-[(E)-Buta-1,3-dienylmethyl]cyclohexylmethyl acrylate",0.036354044077373006,0.0028222376533607596
"Dimethyl 1,3,3-trimethylcyclobutan-1-ol-2,4-dicarboxylate",0.036260670752448564,0.002805193936878437
"2,6-DIHYDROXYBENZOIC ACID 3TMS",0.036209882110673594,0.0027961071882217445
4-Isopropyloxazolidin-2-one,0.036196361391103216,0.002793708395893421
1-Methyl-4-[(2-phenylpropenyl)sulfinyl]benzene,-0.036174048541478786,-0.00966232787247747
p-Cresol,0.03614022899643794,-0.010843034887058043
Cyanopyrazine,0.03608476772702197,0.003213530045336489
"1-Propene, 2-methyl-",0.03605889506257851,0.0032136855823690774
(S)-4-Aminobenzyl methyl sulfide,0.03605869114136899,0.0027697268069958973
"1-Cyano-2,6-dimethyl-1,5-heptadien-3-ol",0.03599769496489695,0.002759337760710412
"Trisulfide, dimethyl",0.03595633571134971,0.0032140608403763847
"7-Methoxy-2,3-bis(methoxycarbonyl)-1-(2-chloro-4-pyridyl)-6-(cyclopentyloxy)...",0.03592096461771233,0.0027464535004935176
"4,5-Dimethylocta-1,7-diene-4,5-diol",0.03586286081631224,0.0027368242983349736
"2-Methoxy-6-phenyl-6,6a,7,8-tetrahydro-9aH-furo[3,2-c]quinoline isomer",-0.035852750199276875,0.011328590237828274
"(5,5-Dimethyl-1,3-dioxan-2-yl)-phenylmethanol",0.03574257228098779,0.0027172088897502358
"trans-2,4-Bis(tert-butyldimethylsilyl)-1,3-dithietan-1,1,3,3-tetraoxide",0.03571976127416179,0.0027135345382413804
O-Isopropyl(Z)-S-4-Phenylbut-3-enyl Dithiocarbonate,0.03571880377125559,0.002713380607929075
"3-Acetyl-2-methyl-9b-(1-naphthyl)-3aH-benzo[e]cyclohexa[1,2-b]furan",0.035686025061531845,-0.008027911848764687
1-Pentene,-0.035675801846315254,-0.011792826230653513
rac-r-3-Acetoxy-1-(4-methoxybenzyl)-C-5-(2-thiazolyl)-2-pyrrolidinone,0.03556339046454745,0.0026887018828036426
Benzyl alcohol,0.03555258633055813,-0.010992454155997132
"4-Methyl-9-oxo-8-oxa-3,5-nonanothiazole-3-ium bromide",0.035522977032087164,0.0026823784790634114
"Bis(3,4-dimethoxycinnamoyl)-L-tartaric acid",0.03549797436015319,0.0032118861489676713
t-Butyl .alpha.-Cyano-.alpha.-(formylamido)-.beta.-(p-methylphenyl)propanoate,0.03531268424042622,0.002650034179219031
1-AZIDO-1-PHENYLETHYLENE,0.03526692983452945,0.002643112031123527
"(trans)-1,2,5-heptatriene",0.03522935629430276,0.002637456145478506
"N,N-diethyl-2-(2-(2-phenylethylcarbonyl)phenoxy)ethamine",0.035068992449739274,0.0026135906424274904
4-(4-Nitrophenylazo)-N-ethyl-N-[2-(methacryloyloxy)ethyl]aniline,0.03496557899036108,0.0025984204918274283
t-Butyl .alpha.-(Dibromomethylidenamino)-.alpha.-cyano-.beta.-phenylpropanoate,0.03488974423690965,0.002587397817676213
1-Decanol,0.03484331293624456,0.015184508740988213
1-Cyano-2-methylbuten-3-one,0.034645420695969945,-0.003755613984495675
(S)-3-tert-Butylperoxy-1-cyclohexene,0.03456934372564509,0.002541688712293176
"Ethanone, 1-(2,4-dimethylphenyl)-",0.03433962784745009,-0.01260051055219918
2-Acetylthiazole,0.034068951161508675,-0.010391084466310225
"4-Allyl-5,5-dimethylcyclohexane-1,3-dione",0.03388230051161201,0.002447563130124312
"Ethanone, 1,1'-(1,4-phenylene)bis-",0.03387381872390955,-0.014685679370466515
"Propanoic acid, decyl ester",0.033614714290210394,-0.0070892279505445546
"Hexadecanoic acid, ethyl ester",0.03358056170085089,-0.01783472141011696
Phenol,0.03357954578240969,-0.01376146739619217
Benzoic acid,0.03307370776777905,-0.014569531496138257
3-(Hydroxymethyl)-1-phenyl-1-heptadecyn-3-ol,0.032832811599971826,0.0076601602860677555
"Cyclooctasiloxane, hexadecamethyl-",0.032409306848087224,-0.020761822242576736
Didehydro-7-[(trimethylsilyl)oxy*]-9-ketoabietic acid - methyl ester,0.03238920704666051,-0.014140270788513423
"Octasiloxane, 1,1,3,3,5,5,7,7,9,9,11,11,13,13,15,15-hexadecamethyl-",0.03233768907248097,-0.017581898750639622
Indole,0.032164260055873355,-0.018825794631797475
OCTADECAMETHYLCYCLONONASILOXANE,0.03188979956074128,-0.02139981532743948
Dimethyl ether,0.03175713242067465,-0.016989043035891747
2-Butanone,0.031055953091239884,-0.014203513095044855
"Cyclohexasiloxane, dodecamethyl-",0.03104012727760235,0.022165682092206304
"Methyl ester of 2S-(1,2,3,4,4a,5,6,7,8,8a.alpha.-Decahydro-1.alpha.,5.beta.-...",-0.031024123767777013,-0.004820870890911055
Lauryl acetate,-0.031021223179394028,-0.012761092080461283
"2-Octanol, 2-methyl-",0.030780023552219465,-0.015492810102961099
"(1,1-Dideuteriocyclopropyl)acetaldehyde",0.030755851835566155,-0.006898220655211431
2-Tridecanol,0.03073954856543457,-0.01686681969841712
Ethyl Acetate,-0.03057772670689961,-0.010753646126432268
Ethyl 9-hexadecenoate,0.030374898793104614,-0.021875819677960075
2-O-methylbaeomycesic acid,0.03032954877902684,-0.02154408699835705
Acetone,0.030185815313489916,-0.012684633778841407
"Cyclotrisiloxane, hexamethyl-",-0.03011793641338394,-0.0016206296954290084
"Acetic acid, phenylmethyl ester",-0.029598481127813287,-0.00453732738518158
"Benzoic acid, 3-methyl-, methyl ester",0.02946076647145034,-0.025368294516125777
rac-(+-)-2-(tert-Butylsulfonyl)pentyl acetate,0.029453612041735074,-0.02599977794650788
5-(1-Methyl-1-methoxyethoxy)-1-tetrahydropyranyloxypentene,0.029371556954368227,-0.02614934526987711
"4-Ethylene Ketal of t-5,c-10-Dimethyl-r-1H-bicyclo[5.3.0]dec-6-ene-4,8-dione",0.029321282995040478,-0.026096352335466262
"1-Butanol, 3-methyl-, acetate",-0.028897814054796366,-0.007992276692061862
(E)-Methacrolein oxime,0.02885196290480234,0.026332869732202186
2-amino-3-furfuryloxybenzoic acid,0.02881388427106035,-0.02440606162687277
Methyl 3-hydroxy-2-(p-toluenesulfonyloxy)methyl-10-tetrahydropyranyloxydecan...,0.028758318739078432,-0.02605586664879437
"Acetic acid, decyl ester",-0.028524793188324387,-0.004049043338007376
2-Tridecanone,0.028483193994473886,-0.02166602540713211
Cyclopentadecanone,0.028333835463665604,-0.024423430141943436
4-Methoxy-1-nonene,0.028270033092684197,-0.023641991000415665
Ethyl 2-oxirane-2-acetate,0.027978098199063238,0.026351515625384153
2-Pentadecanone,0.027877442350929045,-0.026113461487577653
3-(Methoxymethoxy)cyclohexene,-0.02774307819278767,-0.004631762211569945
"5-hydroxy-1,2-pentadiene",0.027695140527315386,-0.0280045149598458
2-Heptanone,0.027510156343725556,-0.027680751798393532
Isobutyl acetate,-0.027326516759911986,-0.0029932438607120603
"Hexanoic acid, 5-oxo-, methyl ester",0.02732541028178459,-0.028845237921786324
4-Methyl-2H-pyran,0.0268326027204598,0.010296047665862304
"Methane, isocyanato-",0.026830173013589233,0.02893717991451891
4-amino-2-methylbutanoic acid,0.026766672726128562,-0.02942557471378832
"2,4-Di-tert-butylphenol",0.026736093801754134,-0.02948010318136279
"Cyclohexene, 1-methoxy-",0.02661493547789253,-0.029276602623058437
1-Allyl-cyclohexanol,0.02659233974777259,-0.025142748193422004
Methylene chloride,0.026471755953302284,-0.029777160856251674
"Butane, 2-methoxy-2-methyl-",0.02643277077142177,0.0030277609487139733
4-Azido-3-bromobenzene,0.02616278640823561,-0.030189070619853438
4-(2-Naphthyl)-5-phenyl-4H-dibenzophosphole oxide,0.026131041557524468,-0.029876821917195484
"2-Heptanone, 4-methyl-",0.026124399654776653,-0.029992276992260418
3-Penten-2-one,-0.026062219565589545,-0.003140233318544376
7.ALPHA.-METHACRYLOYLOXY- OR -TIGLINOYLOXY-9.BETA.-METHACRYCOYLOXY-OR -TIGLI...,0.025957275818723296,-0.030381353995734064
"Butanoic acid, 3-methyl-",0.025854266815537767,-0.030502410237536873
"Methane, sulfinylbis-",-0.02574637214297682,-0.002938781047935426
tert-Butyl-N-(2-fluoro-2-(1-methylvinyl)-4-pentylidene)amine,-0.02561865201604074,-0.003724190318014693
"1,1,1,3,5,7,9,11,11,11-Decamethyl-5-(trimethylsiloxy)hexasiloxane",-0.025562601196529887,-0.0028868669227684277
"N-[(2E),(1S)-1-(Methylethyl)-5-oxohex-2-enyl](tert-butoxy)carboxamide",-0.025540715349960587,-0.0016770998281399573
"3,4-Dihydroxyphenylglycol, 4TMS derivative",-0.025459510094650882,-0.005522817415263254
2-Dodecanone,0.02542477856452921,-0.030549625306016855
"Benzene, 1,3-bis(1,1-dimethylethyl)-",-0.02535336856402082,-0.003483857252267698
"Pyrazine, methyl-",-0.02525575392085615,-0.003771073699648084
"Cyclotetrasiloxane, octamethyl-",0.02524130233938364,-0.030938068165182214
4-nitrophthalamide,-0.025137380113207087,-0.0041052682422343546
2-Dimethylamino-3-cyano-5-methylhex-4-en-1-nitrile,0.025095303198937945,-0.031139277302310697
"1,3-Benzodioxole",0.025053896472660268,-0.03135486196444353
1-(Phenylsulphinylmethyl)cyclododecene,0.02503431892728493,-0.031358486472443395
"1,3-Dioxolane, 2-hexyl-",0.025013624385731795,-0.031252384958318453
"tert-Butyl (3,5-di-tert-butylphenyl) sulfide",-0.024904778013620118,-0.006514750268837386
Cyclooctylhydroperoxide,-0.02481667819160791,-0.0025724670712243304
"2-(3'-cyanobutyl)-1H-isoindole-1,3(2H)-dione",-0.02480756656626606,-0.003272350808030391
"2,6-Dimethylhepta-1,5-diene-5,5-dicarbonitrile",0.02479343988622532,-0.03135957491102139
"3-Formyl-N-methyl-9-[phenylethynyl]dibenzo[2,3-a : 5,6-a'] (1,4)-thiazine",-0.024789570761673107,-0.0045004368524199905
"(4S,6S,1E)-3-(Acetoxymethylene)-6,7-dihydroxy-7,11-dimethyldodeca-1,10-dien-...",0.02476344640248564,0.009510879042453374
2-Nitro-1-octanol,0.02469123183383149,0.03166097495233367
"(E)-Deca-1,6-dien-3-one",0.024672041357649797,-0.010165172068640184
t-Butyl 2-methylsuccinate,0.024639795769251977,-0.03146572876810176
"Oxazole, 2-phenyl-",-0.024632521229721545,-0.004550023916567454
4-Ethylbenzoic acid,0.02461827272023052,0.002696261139468357
Tetradecanoic acid,0.02461827272023052,0.002696261139468357
(+-)-2-Octylvinyl carbonate,0.024618272720230514,0.0026962611394683537
(-)-Menthol Benzylsulfonate,0.024618272720230514,0.0026962611394683537
(2-(Hydroxymethyl)-3-allyl)trimethylsilane,0.024618272720230514,0.0026962611394683537
"(4aR*,7aR*)-3,4a,7,7a-Tetrahydro-3,3-dimethyl-6,7-diphenyl-7-oxacycxclopenta...",0.024618272720230514,0.0026962611394683537
"(R)-4-Methyl-6-(phenylmethoxy)hexane-1,4-diol",0.024618272720230514,0.0026962611394683537
"1,3-Benzenediol, o-(2-furoyl)-o'-(2-methoxybenzoyl)-",0.024618272720230514,0.0026962611394683537
"1,3-dihydro-1-(p-nitrostyryl)isobenzofuran",0.024618272720230514,0.0026962611394683537
"1-(but-2'-ynoyl)-3,5-dimethylpyrazole",0.024618272720230514,0.0026962611394683537
1-Dotriacontanol,0.024618272720230514,0.0026962611394683537
1-Methyl-1H-6-methoxybenzotriazole,0.024618272720230514,0.0026962611394683537
"10-Octadecenoic acid, methyl ester",0.024618272720230514,0.0026962611394683537
10-Undecen-1-ol,0.024618272720230514,0.0026962611394683537
"1H-Indole, 2,3-dihydro-4-methyl-",0.024618272720230514,0.0026962611394683537
"2,6-Octadien-1-ol, 3,7-dimethyl-, formate, (Z)-",0.024618272720230514,0.0026962611394683537
"2,7-Epoxymegastigma-4,8(Z)-diene",0.024618272720230514,0.0026962611394683537
"2-(2',2'-Dimethyl-1',3'-dioxan-4'-yl)-ethanol",0.024618272720230514,0.0026962611394683537
2-Ethyl-1-butyl methylphosphonofluoridate,0.024618272720230514,0.0026962611394683537
2-Heptadecanone,0.024618272720230514,0.0026962611394683537
"2-Methyl-2-(methylaminomethyl)propane-1,3-diol",0.024618272720230514,0.0026962611394683537
2-Pentadecanol,0.024618272720230514,0.0026962611394683537
"2-[1-(Methoxycarbonyl)azoethylidene]-5,6-dihydroimidazo[2,1-b]thiazol-3(2H)-one",0.024618272720230514,0.0026962611394683537
3-(1-Benzimidazolyl)quinoline,0.024618272720230514,0.0026962611394683537
3-Cyanooct-1-en-4-ol,0.024618272720230514,0.0026962611394683537
3-azido-2-hydroxy-N-(4-nitrophenyl)propane-1-sulfonamide,0.024618272720230514,0.002696261139468357
"4,7-Bis(trimethylsilyl)-4,7-dihydro[2.2]paracyclophane",0.024618272720230514,0.0026962611394683537
4-Quinolinol,0.024618272720230514,0.0026962611394683537
4-Vinylbenzoic acid,0.024618272720230514,0.0026962611394683537
4-n-Propylindan,0.024618272720230514,0.0026962611394683537
5-Acetyl-2-methylpyridine,0.024618272720230514,0.0026962611394683537
"5-methoxy-1,2,3-trimethylbenzene",0.024618272720230514,0.0026962611394683537
"6,7-Dimethylquinoxaline",0.024618272720230514,0.0026962611394683537
"Benzoic acid, 2,5-bis(trimethylsiloxy)-, trimethylsilyl ester",0.024618272720230514,0.0026962611394683537
"Benzonitrile, 4-(chloromethyl)-; 3-Cyanobenzylchloride; 4-(Chloromethyl)benzonitrile #",0.024618272720230514,0.0026962611394683537
Methyl threo-16-acetoxy-9(10)-iodo-10(9)-nitratohexadecanoate,0.024618272720230514,0.0026962611394683537
N-(2'-Phenyl-4'-penten-1'-oxy)-4-(p-methoxyphenyl)thiazole-2(3H)-thione,0.024618272720230514,0.0026962611394683537
N-formyl-2-aminobenzaldehyde,0.024618272720230514,0.0026962611394683537
P-HYDROXYPHENYL ETHANEDIOL 3TMS,0.024618272720230514,0.0026962611394683537
"Phthalic acid, cyclobutyl isobutyl ester",0.024618272720230514,0.0026962611394683537
"Propane, 2-isocyano-2-methyl-",0.024618272720230514,0.0026962611394683537
"Propanoic acid, 3-(trimethylsilyl)-, methyl ester",0.024618272720230514,0.0026962611394683537
cis-2-[Bis(4-bromophenyl)methyl]-N-[3-(4-methoxyphenyl)methyl]-1-azabicyclo[...,0.024618272720230514,0.0026962611394683537
3-Methylene-4-methylpentan-1-ol,0.02461827272023051,0.0026962611394683554
"Cyclopentane, 1-ethyl-2-methyl-",0.02461827272023051,0.0026962611394683554
"1-aza-3-oxa-2,4,4-triphenyl-cyclopent-1-ene",0.024618272720230507,0.002696261139468357
cis-3-[(1Z)-Butenyl]-2-vinyltetrahydrofuran,0.024618272720230507,0.002696261139468357
Formic acid,0.024547537515498177,-0.03187546191876736
5-{Ethoxycarbonyl}-N(1)-[3'-(N,0.024450563366077187,-0.030865023529285128
"Acetophenone, 4'-amino-",-0.024290885278475696,-0.004062977142319136
"Benzofuran, 2-methyl-",-0.024266765176480132,-0.0037142452483682462
"2,3,5,7,15-Pentaacetoxy-8-(tigloyloxy)-9,14-dioxo-Jatropha-6(17),11(E)-diene",0.02411821293994874,-0.030904235056269533
"1-Butanol, 3-methyl-",0.024104101069169236,-0.032295028699817
"5-Amino-1-methyl-1H-pyrazole-4-carboxamide, 3TMS",0.024094294253438307,-0.032296724523792064
"2,5-Dihydroxybenzaldehyde, 2TMS derivative",0.024063947824399932,-0.03232542102394893
2-Undecanone,0.02383518187775396,-0.03253729757151887
"Cyclopentanone, 2,4,4-trimethyl-",0.02381064032978448,-0.03211632068604058
Butanoic acid,-0.02377655723464503,-0.0044394797612306875
1-Methoxycarbonyl-2-methylimidazole,0.023744256520675716,-0.03231156583461104
(+)-Coronafacic acid,-0.023646710149882465,0.032679005508180925
"(+-)-(1S,2E,4E)-1-Methylpenta-2,4-dien-1-yl acrylate",-0.023646710149882465,0.032679005508180925
"(+-)-(2s*,3r*,4r*,5r*)-tetrahydro-5-isobuty-2,3-dimethyl-4-(phenylthio)-3-fu...",-0.023646710149882465,0.032679005508180925
"(+-)-Ethyl 1,4,5,6-tetrahydro-5-hydroxy-5-methyl-6-oxo-2-pyridinecarboxylate",-0.023646710149882465,0.032679005508180925
(-)-Asimilobine,-0.023646710149882465,0.032679005508180925
"(1's,3s)-3-hydroxy-3-phenyl-n-(1-phenylethyl)propionamid",-0.023646710149882465,0.032679005508180925
"(1R,2S,3R,5R)-2,5-Dimethylbicyclo[3.2.0]heptane-2.3-diol",-0.023646710149882465,0.032679005508180925
"(1R,2S,5R)-5-Methyl-2-isopropylcyclohexyl (1R,4S)-2-Oxa-3-azabicyclo[2.2.2]o...",-0.023646710149882465,0.032679005508180925
"(1RS,2SR)-9-Oxa-11-azabicyclo[6.3.0]undec-5-en-10-one",-0.023646710149882465,0.032679005508180925
"(1S)-3-(3'-Acetoxy-1'-butynyl)-3-hydroxy-2,2,4-trimethylcyclohexyl acetate",-0.023646710149882465,0.032679005508180925
"(2E)-Penta-2,4-dienylcarbamic acid tert-butyl ester",-0.023646710149882465,0.032679005508180925
"(2R,4S,5R)-2-Iodomethyl-5-methyl-4-hydroxytetrahydrofuran",-0.023646710149882465,0.032679005508180925
"(2RS,4S)-[5-c(13)]-leucine",-0.023646710149882465,0.03267900550818093
"(2S*,3R*,4S*,5S*)-3-[(S)-(2'-Methoxy-2'-phenylacetoxy)]-4-ethyltricyclo[4.2....",-0.023646710149882465,0.032679005508180925
(3S)-3-Hydroxy-2-pyrrolidinone,-0.023646710149882465,0.032679005508180925
"(3S,4R)-4-Cyclohexyl-3-methylbutan-4-olide",-0.023646710149882465,0.032679005508180925
"(3S,5aS/R)-3-Pivaloyloxymethyltetrahydropyrrolo[1,2-b]oxaziridine",-0.023646710149882465,0.032679005508180925
"(3SR,4SR,5RS)-5-Hydroxy-2,4-dimethylheptyl isobutanoate",-0.023646710149882465,0.032679005508180925
"(4R)-5,5-Dimethyl-4-hydroxyhept-6-en-3-one",-0.023646710149882465,0.03267900550818093
(4S)-4-Hydroxy-1-pyrroline-N-Oxide,-0.023646710149882465,0.032679005508180925
"(4S)-4-Methyl-2-nitro-1,3-hexanediol",-0.023646710149882465,0.032679005508180925
(4S)-4-tert-Butyl-3-[(E)-4'-ethoxy-2'-oxo-3'-butenoyl]oxazolidin-2-one,-0.023646710149882465,0.032679005508180925
"(5R*,6R*)-5-Ethenyl-5-propyldodecan-6-ol",-0.023646710149882465,0.032679005508180925
(Cyanomethyl)cyclohexane,-0.023646710149882465,0.032679005508180925
"(E)-1,3-butadienyl-thiocyanate",-0.023646710149882465,0.032679005508180925
(E)-1-(2-Tetrahydropyranyloxy)-6-nonene,-0.023646710149882465,0.032679005508180925
(E)-3-Hexenyl (t-Butyl) Carbonate,-0.023646710149882465,0.032679005508180925
(E)-3-Propyl-2-hepten-1-ol,-0.023646710149882465,0.03267900550818093
"(E)-6-Butyl-1,6-nonadiene",-0.023646710149882465,0.032679005508180925
(E)-trimethyl(pent-3-en-2-yl)stannane,-0.023646710149882465,0.032679005508180925
"(E,E)-1,4-Bis[(trimethylsilyloxy]buta-1,3-diene",-0.023646710149882465,0.03267900550818093
(E/Z)-3-Isopropoxy-2-pentene,-0.023646710149882465,0.032679005508180925
"(R)-2-(1-(1-Naphthyl)ethoxy)-1,3-dimethyl-1,3,2-diazaphosphopholane",-0.023646710149882465,0.032679005508180925
(S)-(+)-5-sec-Butyl-2-pyrimidinol,-0.023646710149882465,0.032679005508180925
(S)-2-Mercapto-1-phenylethanol,-0.023646710149882465,0.03267900550818093
(S)-3-Ethyl-4-methylpentanol,-0.023646710149882465,0.032679005508180925
(S)-4-Methyl-.gamma.-butyrolactoneone,-0.023646710149882465,0.032679005508180925
"(S)-6-Methoxycatrbonylmethyl-2,2-dimethyl-1,3-dioxan-5-one",-0.023646710149882465,0.032679005508180925
"(Z)-8-(Trimethylsilyl)-3,3-dimethyl-5-octenol",-0.023646710149882465,0.032679005508180925
(Z)-Pent-3-en-2-yl acetate,-0.023646710149882465,0.032679005508180925
"(anti,syn)-2-Hydroxy-5-ethylcyclopent-1-enecarboxylic acid methyl ester",-0.023646710149882465,0.032679005508180925
"(cis)-3-Hexene-2,5-dione",-0.023646710149882465,0.032679005508180925
"(trans)-1,2-Diaminocyclobutane-1,2-dicarbonitrile",-0.023646710149882465,0.032679005508180925
.epsilon.-Methyl-.epsilon.-caprolactone,-0.023646710149882465,0.032679005508180925
"1'-(4-Methoxyphenyl)-1',3'-(1-chloro-1""-cyanoethano)spiro{naphthalene-1(2H)...""",-0.023646710149882465,0.032679005508180925
"1,1'-Carbonyldiimidazole",-0.023646710149882465,0.032679005508180925
"1,1,4,4-Tetramethoxybutane",-0.023646710149882465,0.032679005508180925
"1,1-Dibutoxy-isobutane",-0.023646710149882465,0.032679005508180925
"1,1-Dimethoxy-octane",-0.023646710149882465,0.032679005508180925
"1,1-Dimethylethyl hexanoate",-0.023646710149882465,0.032679005508180925
"1,2-Epoxy-p-menthan-4-ol",-0.023646710149882465,0.032679005508180925
"1,3-DIPHENYL-1,3,5,5-TETRAMETHYL-CYCLOTRISILOXANE",-0.023646710149882465,0.032679005508180925
"1,3-Dioxolane-2-propanal, 2-methyl-",-0.023646710149882465,0.032679005508180925
"1,4-Butanediamine, 2,3-dimethoxy-N,N,N',N'-tetramethyl-, [S-(R*,R*)]-",-0.023646710149882465,0.032679005508180925
"1,4-Cyclohexanedione",-0.023646710149882465,0.032679005508180925
"1,5,9-Undecatriene, 2,6,10-trimethyl-, (Z)-",-0.023646710149882465,0.032679005508180925
"1,5-Dimethyl-2-pyrrolecarbonitrile",-0.023646710149882465,0.032679005508180925
"1,5-dibromo-2,4-dimethyl-pentane",-0.023646710149882465,0.032679005508180925
"1,7-Dioxaspiro[5.5]undeca-3,10-diene",-0.023646710149882465,0.032679005508180925
"1,9-Decadiene",-0.023646710149882465,0.032679005508180925
1-(1-Hydroxybutyl)-2-methylcyclopropane,-0.023646710149882465,0.032679005508180925
1-(Cyclobutylidenyl)propene,-0.023646710149882465,0.032679005508180925
"1-(FLUOROMETHYLPHENYLSILYL)-2,2,4,4,6,6-HEXAMETHYLCYCLOTRISILAZANE",-0.023646710149882465,0.032679005508180925
1-(Pentachlorophenylsulfanyl)hex-5-en-2-one,-0.023646710149882465,0.032679005508180925
1-Acetyl-2-(isobutanoyl)ethylene,-0.023646710149882465,0.032679005508180925
"1-Butanamine, N,N-dimethyl-",-0.023646710149882465,0.032679005508180925
1-Decyn-4-ol,-0.023646710149882465,0.032679005508180925
1-Ethyl-1-(2-oxopropyl)cyclopentane,-0.023646710149882465,0.03267900550818093
1-Heptadecanol,-0.023646710149882465,0.032679005508180925
1-Heptanol,-0.023646710149882465,0.032679005508180925
1-Isoquinolinecarbonitrile,-0.023646710149882465,0.032679005508180925
1-Methoxy-4-(phenylethynyl)benzene,-0.023646710149882465,0.032679005508180925
"1-Methyl-3,5-dioxo-4-oxa-9-thiatricyclo[5.3.0.0(2,6)]decane 9,9-dioxide",-0.023646710149882465,0.032679005508180925
1-Methyl-5-nitro-4-phenylsulfonylimidazole,-0.023646710149882465,0.032679005508180925
1-Penten-3-one,-0.023646710149882465,0.032679005508180925
1-n-Hexylcyclooctanol,-0.023646710149882465,0.032679005508180925
1-pentylethanoate,-0.023646710149882465,0.032679005508180925
"1-tert-Butyl-4,4,4-trichloro-3-(1-methylcyclopentyl)-1,2,4-azaphosphavanada(...",-0.023646710149882465,0.032679005508180925
18-HYDROXY-5-epi-HYRTIOPHENOL - DIACETATE,-0.023646710149882465,0.032679005508180925
"1H-1,2,4-Triazol-5-amine, 1-propyl-",-0.023646710149882465,0.032679005508180925
1H-Imidazole-4-methanol,-0.023646710149882465,0.032679005508180925
"2,2,4,4-Tetramethyl-3-thietanthione",-0.023646710149882465,0.032679005508180925
"2,2,4-Trimethyl-1,3-pentanediol diisobutyrate",-0.023646710149882465,0.032679005508180925
"2,2-Dimethyl-4-(1'-aminoethyl)-1,3-dioxolane",-0.023646710149882465,0.032679005508180925
"2,3,3a,4,7,7a-Hexahydro-5-methylind-5-en-1-one ethylene ketal",-0.023646710149882465,0.032679005508180925
"2,3,4,5-Tetrahydro-7,8-dimethoxy-N-(trifluoroacetyl)-[(Z)-2-(trimethylsilyl)...",-0.023646710149882465,0.032679005508180925
"2,3,4-Trimethyl-1-pentanol",-0.023646710149882465,0.032679005508180925
"2,3-Dimethyl-1-hexene",-0.023646710149882465,0.03267900550818093
"2,3-Octanedione",-0.023646710149882465,0.032679005508180925
"2,4-Bis(methylethyl)-2-methyl-2,5-dihydro-1H-imidazole",-0.023646710149882465,0.032679005508180925
"2,4-Bis(pyrazol-1'-yl)-3,5,6-trifluoropyridine",-0.023646710149882465,0.032679005508180925
"2,4-DIONE-1,3-BENZODIOXAN",-0.023646710149882465,0.032679005508180925
"2,4-Dihydroxybenzaldehyde, 2TMS derivative",-0.023646710149882465,0.032679005508180925
"2,4-Dimethyl-6-(prop-1-enyl-1)-1,3-dioxan",-0.023646710149882465,0.032679005508180925
"2,4-Pentadienyl 3-butenoate",-0.023646710149882465,0.032679005508180925
"2,6-Octadiene",-0.023646710149882465,0.032679005508180925
2-((E)-1-Hydroxy-2-butenyl)cyclopentanone,-0.023646710149882465,0.03267900550818093
2-(1'-BROMO-1'-METHYLETHYL)PYRIMIDINE,-0.023646710149882465,0.032679005508180925
2-(1-Hydroxy-2-oxopropyl)cyclobutanone,-0.023646710149882465,0.032679005508180925
"2-(2-Pyridyl)-3-(trimethylsilyl)-5,6,7,8-tetrahydroquinoline",-0.023646710149882465,0.032679005508180925
2-(4-Methyl-3-oxocyclohex-4-enyl)propan-2-ol,-0.023646710149882465,0.032679005508180925
2-(Allylamino)ethanol,-0.023646710149882465,0.032679005508180925
2-(Formylamino)-2-methyl-N-(4'-nitrooxycyclohexyl)-propionylamide,-0.023646710149882465,0.032679005508180925
2-(Triethylsiloxy)octadecane,-0.023646710149882465,0.032679005508180925
"2-Amidoxime-3-nitroimidazo[1,2-a]pyridine",-0.023646710149882465,0.032679005508180925
"2-Benzyl-1.3-diethyl-4,6-diphenyl-1,3,2-diazaphosphorinane - 2-oxide",-0.023646710149882465,0.032679005508180925
"2-Butanol, 3-methyl-",-0.023646710149882465,0.032679005508180925
"2-Ethyl-3,5-dimethylpyridine",-0.023646710149882465,0.032679005508180925
"2-Fluoro-1-iodo-2,4-dimethylhexane",-0.023646710149882465,0.032679005508180925
"2-Heptanone, 5-methyl-",-0.023646710149882465,0.032679005508180925
"2-Hexanone, 3,4-dimethyl-",-0.023646710149882465,0.032679005508180925
2-Methoxymethyl-3-phenyloxirane,-0.023646710149882465,0.032679005508180925
2-Methyl-4-penten-2-ol,-0.023646710149882465,0.032679005508180925
2-Methyl-6-hepten-2-ol,-0.023646710149882465,0.032679005508180925
"2-Methyl[1,3,4]oxadiazole",-0.023646710149882465,0.032679005508180925
"2-Methylbenzoic acid, 2-fluorophenyl ester",-0.023646710149882465,0.032679005508180925
2-Methylpent-4-en-1-ol,-0.023646710149882465,0.032679005508180925
2-Methylthioacetic acid,-0.023646710149882465,0.032679005508180925
"2-Methylthiolane, S,S-dioxide",-0.023646710149882465,0.03267900550818093
"2-Nitro-1-phenyl-1,3-propanediol",-0.023646710149882465,0.032679005508180925
"2-Octanol, 2,6-dimethyl-",-0.023646710149882465,0.032679005508180925
2-Octanone,-0.023646710149882465,0.032679005508180925
2-Octyl ethynyl ether,-0.023646710149882465,0.032679005508180925
"2-Propene-1,1-diol, diacetate",-0.023646710149882465,0.032679005508180925
"2-Thiophenecarboxylic acid, 4-nitrophenyl ester",-0.023646710149882465,0.032679005508180925
2-[(2-Methyl-endo-2-norbornyl)oxy]-tetrahydropyran,-0.023646710149882465,0.032679005508180925
"2-[2-(1,3-Dioxolanyl)methyl]bicyclo[2.2.1]heptan-1-one",-0.023646710149882465,0.032679005508180925
2-n-Propylaziridine,-0.023646710149882465,0.032679005508180925
"2H-Tetrazole, 2-methyl-",-0.023646710149882465,0.032679005508180925
"3,3'''-Bis(acetylthio)[5]staffane",-0.023646710149882465,0.032679005508180925
"3,4,4,4-Tetradeiterio-2-(1-hydroxy-1-phenylmethyl)butanenitrile",-0.023646710149882465,0.032679005508180925
"3,4,4-trimethyl-1,2,6-oxadiazine N-oxide",-0.023646710149882465,0.032679005508180925
"3,4-Di(p-methylphenyl)-1,2,4-oxadiazaspiro[4.6]undeca-6,8,10-triene",-0.023646710149882465,0.032679005508180925
"3,4-EPOXY-4-METHYL-1-PENTYNE",-0.023646710149882465,0.032679005508180925
3-(2-Azido-1H-imidazol-4-yl)prop-2-ynyl]amine dihydrochloride,-0.023646710149882465,0.032679005508180925
"3-(3'-Oxo-2',3'-dihydro-1H-isoindol-1'-yl)-3-buten-2-one",-0.023646710149882465,0.032679005508180925
3-(4-Nitrophenyl)quinazolin-4(3H)-one,-0.023646710149882465,0.032679005508180925
3-(4-Pivaloxybutyl)cyclohexanone,-0.023646710149882465,0.032679005508180925
"3-Acetoxy-1,3-dimethylbutyl trimethyl acetate",-0.023646710149882465,0.032679005508180925
3-Acetoxybutyl trimethyl acetate,-0.023646710149882465,0.032679005508180925
3-Amino-6-chloro-1-(Cyclohexenyl)hept-2-en-1-one,-0.023646710149882465,0.032679005508180925
3-Deuterio-2-nonanone,-0.023646710149882465,0.032679005508180925
"3-Hexanol, 5-methyl-",-0.023646710149882465,0.032679005508180925
3-Hexen-2-one,-0.023646710149882465,0.032679005508180925
"3-Hydroxy-3,7,7-trimethyl-1,8-nonadien-5-one",-0.023646710149882465,0.032679005508180925
3-Hydroxy-4-(3-methybut-2-enyl)oxybutanoic acid,-0.023646710149882465,0.032679005508180925
3-Hydroxy-4-methylbenzaldehyde,-0.023646710149882465,0.032679005508180925
"3-Isoxazolamine, 5-methyl-",-0.023646710149882465,0.032679005508180925
3-Methy-2-hexen-5-ol,-0.023646710149882465,0.032679005508180925
"3-Octanol, 6-ethyl-",-0.023646710149882465,0.032679005508180925
3-methoxy-3-methylbut-1-yne,-0.023646710149882465,0.03267900550818093
3-methylsulfinyl-3-methylbutan-1-ol,-0.023646710149882465,0.032679005508180925
"4,6-Octadiyn-3-one, 2-methyl-",-0.023646710149882465,0.032679005508180925
"4,8-Dimethyl-3(E),7-nonadienyl Thioacetate",-0.023646710149882465,0.032679005508180925
"4-Benzyl-3-ethoxy-1,4-dihydro-4-hydroxy-1-phenylisoquinoline",-0.023646710149882465,0.032679005508180925
4-Chloro-1-(2-furyl)-1-butanone,-0.023646710149882465,0.032679005508180925
4-Hydroxyhex-2-en-1-al,-0.023646710149882465,0.032679005508180925
4-Hydroxymethyl-1-azabicyclo[3.3.0]octane isomer,-0.023646710149882465,0.032679005508180925
"4-Phenylimidazo[1,2-c]quinazoline",-0.023646710149882465,0.032679005508180925
"4-fluor-1,2,3,5-dithiadiazolium",-0.023646710149882465,0.032679005508180925
"4-methyl-1-(2-methylpen-4-en-2-yl)-1,2-diazetidin-3-one",-0.023646710149882465,0.032679005508180925
"4-{(2E,4E,6E,8E)-[3,7-Dimethyl-9-(2,6,6-trimethyl-1-cyclohexenyl)nona-2,4,6,...",-0.023646710149882465,0.032679005508180925
"5,12-Dicyano-7,14-dimethyl-7,14-diaza-2,9-dioxatricyclo[8.4.0.0(3,8)]tetrade...",-0.023646710149882465,0.032679005508180925
5-ETHYL-2-OXAZOLINDINONE,-0.023646710149882465,0.032679005508180925
5-Methyl-2-(1'-methylenepropyl)cyclohexanol,-0.023646710149882465,0.032679005508180925
5-Methyl-3-methylene-1-decen-5-ol,-0.023646710149882465,0.032679005508180925
5-Methyl-4-octanone,-0.023646710149882465,0.032679005508180925
"5-Octen-4-one, 7-methyl-",-0.023646710149882465,0.032679005508180925
"5-[3-(4-Isopropylphenyl)-2-methylpropyl]-2,3-dimethylpyrazine",-0.023646710149882465,0.032679005508180925
"6,9a-Dihydro-6,9a-epoxycyclohepta[b]pyran-7(2H)-one",-0.023646710149882465,0.032679005508180925
6-(2-Cyclohexenyl)-4-iodo-1-hexene,-0.023646710149882465,0.032679005508180925
6-Deutero-2-ethylpyridine,-0.023646710149882465,0.032679005508180925
"6-Methoxy-endo-5-methyl-endo-tricyclo[5.2.1.0(2,6)]dec-8-en-3-one",-0.023646710149882465,0.032679005508180925
6-[(4'-Nitrophenyl)sulfonyl]-6-azabicyclo[3.1.0]hexane,-0.023646710149882465,0.032679005508180925
"8,16,17-trioxadispiro[6.1.6.2]heptadecane",-0.023646710149882465,0.032679005508180925
"8-(3',5'-Dimethylisoxazol-4'-yl)-8-oxooctanoic acid",-0.023646710149882465,0.032679005508180925
8-Ethenyloxocan-2-one,-0.023646710149882465,0.032679005508180925
"9,10-Anthracenedione, 1,4-dihydro-5-hydroxy-2,3-dimethyl-8-(methylamino)-",-0.023646710149882465,0.032679005508180925
9-Decen-1-yl acetate,-0.023646710149882465,0.032679005508180925
"Acetic acid, butyl ester",-0.023646710149882465,0.032679005508180925
"Acetic acid, trifluoro-, ethyl ester",-0.023646710149882465,0.032679005508180925
"Alanine, N-methyl-n-propargyloxycarbonyl-, heptyl ester",-0.023646710149882465,0.032679005508180925
Amylene hydrate,-0.023646710149882465,0.032679005508180925
Benzadehyde O-benzyloxime,-0.023646710149882465,0.032679005508180925
"Benzaldehyde, 2-hydroxy-",-0.023646710149882465,0.032679005508180925
Benzamide,-0.023646710149882465,0.032679005508180925
"Benzeneacetic acid, .alpha.-methoxy-, methyl ester, (.+/-.)-",-0.023646710149882465,0.032679005508180925
"Benzeneethanamine, N-(3-chloropropyl)-.alpha.-methyl-",-0.023646710149882465,0.032679005508180925
Benzenesulphinic acid (-)-menthyl ester,-0.023646710149882465,0.032679005508180925
"Benzoic acid, 2,4-bis[(trimethylsilyl)oxy]-, trimethylsilyl ester",-0.023646710149882465,0.032679005508180925
"Benzoic acid, 2-phenylethyl ester",-0.023646710149882465,0.032679005508180925
"Benzoic acid, 4-methyl-",-0.023646710149882465,0.032679005508180925
"Benzonitrile, 4-(chloromethyl)-",-0.023646710149882465,0.032679005508180925
Betazole,-0.023646710149882465,0.032679005508180925
"Butanal, 2,2-dimethyl-",-0.023646710149882465,0.032679005508180925
Butyl butenyl ether,-0.023646710149882465,0.032679005508180925
"Carbamic acid, (cyanomethyl)-, 1,1-dimethylethyl ester",-0.023646710149882465,0.03267900550818093
"Carbonic acid, bis(2-ethylhexyl) ester",-0.023646710149882465,0.032679005508180925
Chlorine,-0.023646710149882465,0.032679005508180925
"Cyclobutane, 1,1,2,3,3-pentamethyl-",-0.023646710149882465,0.032679005508180925
"Cyclobutanone, 2,2,3-trimethyl-",-0.023646710149882465,0.032679005508180925
"Cyclobutylamine, N-acetyl-",-0.023646710149882465,0.032679005508180925
Cyclohexyl nitrate,-0.023646710149882465,0.032679005508180925
"Cyclopentane, 1,1,3-trimethyl-",-0.023646710149882465,0.032679005508180925
Cyclopentanodec-5-ene,-0.023646710149882465,0.032679005508180925
Di(t-butyl) (trimethylsilyl) methylborane,-0.023646710149882465,0.032679005508180925
"Diazene, dimethyl-",-0.023646710149882465,0.032679005508180925
Dihydro-5-(4-iodobutyl)-2(3H)-furanone,-0.023646710149882465,0.032679005508180925
"Dimethyl N-(3-Bromo-4,5,6,7-tetrahydroisobenzofuroyl)-L-glutamate",-0.023646710149882465,0.032679005508180925
Dimethyl tetrasulphide,-0.023646710149882465,0.032679005508180925
ETILEFRIN-PROPIONYL,-0.023646710149882465,0.032679005508180925
"Ethanol, 2,2'-oxybis-",-0.023646710149882465,0.032679005508180925
"Ethanol, 2,2'-oxybis-, diacetate",-0.023646710149882465,0.032679005508180925
Ethyl (4'-ethoxy-6'-methyl-2H-pyran-2'-on-3'-yl)butenoate,-0.023646710149882465,0.032679005508180925
"Ethyl 2-(1'-hydroxy-2',2'-dimethylpropyl )-5,6,6-trimethyl-3,4-heptadienoate",-0.023646710149882465,0.032679005508180925
Ethyl vinyl sulfone,-0.023646710149882465,0.032679005508180925
Ethylbenzene,-0.023646710149882465,0.032679005508180925
Ethylene glycol Formate Isobutyrate,-0.023646710149882465,0.032679005508180925
Exomethylenecyclopent-2-yl(4-chloro-phenyl) sulfone,-0.023646710149882465,0.032679005508180925
"Formamide, N-methyl-",-0.023646710149882465,0.032679005508180925
"Formic acid, 2-ethylbutyl ester",-0.023646710149882465,0.032679005508180925
"Furan, 3-methyl-",-0.023646710149882465,0.032679005508180925
Germacranolide-valine dimer,-0.023646710149882465,0.032679005508180925
Guanidine,-0.023646710149882465,0.032679005508180925
"Hetisan-6,11,12,15-tetrol, 15-(2-methylpropanoate), (11.beta.,15.alpha.)-",-0.023646710149882465,0.032679005508180925
Hex-5-en-2-one ethylene acetal,-0.023646710149882465,0.032679005508180925
"Hexanal, 4,4-dimethyl-",-0.023646710149882465,0.032679005508180925
Hexanoylthiocholine,-0.023646710149882465,0.032679005508180925
Hexyl Heptanoate,-0.023646710149882465,0.032679005508180925
Hexyl ethylphosphonofluoridate,-0.023646710149882465,0.032679005508180925
Isobutane,-0.023646710149882465,0.032679005508180925
Isoflurophate,-0.023646710149882465,0.032679005508180925
METHANAL-N-METHYL-N-FORMYLHYDRAZONE,-0.023646710149882465,0.032679005508180925
"METHYL ESTER OF 1-BROMO-2,2,3,3-TETRAMETHYL-1-CYCLOPROPANCARBOXYLIC ACID",-0.023646710149882465,0.032679005508180925
"Methyl (2S,3S)-2-Hydroxy-3-methylpentanoate",-0.023646710149882465,0.032679005508180925
Methyl (4'-methylphenyl)acetate,-0.023646710149882465,0.032679005508180925
"Methyl 1-(N,N-Dimethylaminomethyl)cyclobutane-1-carboxylate hydrochloride",-0.023646710149882465,0.03267900550818093
"Methyl 2,2-dimethyl-3-phenyl-3-oxiranecarboxylate",-0.023646710149882465,0.032679005508180925
"Methyl 2,6-Dideoxy-3,4-O-isopropylidene-.alpha.,L-lyxo-hexopyranoside",-0.023646710149882465,0.032679005508180925
"Methyl 2-chloro-4-[(5,6,7,8-tetrahydro-5,5,8,8-tetramethyl-2-quinoxalinyl)ca...",-0.023646710149882465,0.032679005508180925
"Methyl 3,4-dimethyloctanoate",-0.023646710149882465,0.03267900550818093
"Methyl 5-endo-4-hydroxy-2,5,7,7-tetramethylbicyclo[2.2.2]oct-2-en-5-carboxylate",-0.023646710149882465,0.032679005508180925
Methyl N-cyanomethanimidate,-0.023646710149882465,0.032679005508180925
Methyl p-(2-hydroxyethyl)benzyl sulfoxide,-0.023646710149882465,0.032679005508180925
Methyl trans-2-(Cyanomethyl)cyclobutylcarbamate,-0.023646710149882465,0.032679005508180925
"Methyl trans-3-{1-(N-Benzyl-N-(2,2-bis(methylsulfanyl)ethyl)aminomethyl]-1(E...",-0.023646710149882465,0.032679005508180925
Methyl vinyl ketone,-0.023646710149882465,0.032679005508180925
"N,N'-Diallylsulfamide",-0.023646710149882465,0.032679005508180925
"N,N'-bis( 9-Borabicyclo[3.3.1]non-9-yl)-N,N'-dimethylethylenediamine",-0.023646710149882465,0.032679005508180925
"N,N-Dimethyl-3-[naphthylthio]-3-(2'-thienyl)propylamine",-0.023646710149882465,0.032679005508180925
N-(1-Aza-2-methylprop-1-enyl)(4'-sulfanylbutylthio)carboxamide,-0.023646710149882465,0.032679005508180925
N-(1-Cyclohexylethyl)-(S)-1-phenylethylamine,-0.023646710149882465,0.03267900550818093
N-Acetylcapramide,-0.023646710149882465,0.032679005508180925
N-Benzyl-3-[1'-(2'-hydroxy-2'-phenyl)ethyl]pyrrolidine,-0.023646710149882465,0.032679005508180925
N-ETHYL-8-AMINO-p-MENTH-1-ENE,-0.023646710149882465,0.032679005508180925
"N-Methylsulfonylbicyclo[2.2.2]oct-5-ene-2,3-dicarboximide",-0.023646710149882465,0.032679005508180925
N-[3'-Benzylthiazolidin-2'-ylidene]-4-chlorobenzene-sulfonamide,-0.023646710149882465,0.032679005508180925
N-iso-Propyl-4-bromo-3-pentanimine,-0.023646710149882465,0.032679005508180925
Neopentyl 3-hydroxybutanoate,-0.023646710149882465,0.032679005508180925
Neopentyl hydroxyacetate,-0.023646710149882465,0.032679005508180925
Neopentyl propanoate,-0.023646710149882465,0.032679005508180925
O-Propenylcarbonyl-N-isopropylidene oxime,-0.023646710149882465,0.032679005508180925
"Oxalic acid, hexyl 2-phenylethyl ester",-0.023646710149882465,0.032679005508180925
Pentadecannal,-0.023646710149882465,0.032679005508180925
"Pentanal, 2,3-dimethyl-",-0.023646710149882465,0.032679005508180925
"Pentanoic acid, 2-fluoro-4-methyl-3-oxo-, ethyl ester",-0.023646710149882465,0.032679005508180925
"Phenol, 2-methyl-",-0.023646710149882465,0.032679005508180925
"Phenol, 3-methyl-5-(1-methylethyl)-, methylcarbamate",-0.023646710149882465,0.032679005508180925
"Propanenitrile, 3,3-dimethoxy-",-0.023646710149882465,0.032679005508180925
"Pyrazine, 2,5-dimethyl-3-(3-methylbutyl)-",-0.023646710149882465,0.032679005508180925
"Pyrazine, trimethyl-",-0.023646710149882465,0.032679005508180925
Pyrazolidine,-0.023646710149882465,0.032679005508180925
"TRANS-1,4-DIMETHOXY-2-PENTENE",-0.023646710149882465,0.032679005508180925
"TRANS-2-METHOXY-3,4-EPOXY-4-METHYLTETRAHYDRO-4H-PYRAN-4-ONE",-0.023646710149882465,0.032679005508180925
TRI-TERT-BUTYLSILANE,-0.023646710149882465,0.032679005508180925
TRIDEUTEROMETHYL ETHYL ETHER,-0.023646710149882465,0.032679005508180925
Thiocarbonic acid O-but-3-enyl ester S-phenyl ester,-0.023646710149882465,0.032679005508180925
"Thiophene, 3-methyl-",-0.023646710149882465,0.032679005508180925
Triformylmethane,-0.023646710149882465,0.032679005508180925
Trimethylaminophosphanylborane [H2PBH3.NMe3],-0.023646710149882465,0.032679005508180925
"Undecane, 5,6-dimethyl-",-0.023646710149882465,0.032679005508180925
Valeric anhydride,-0.023646710149882465,0.032679005508180925
"[1,3-13C2]-1,3-Cyclopentadiene",-0.023646710149882465,0.032679005508180925
"cis-3,4,5-Trimethoxy-7-phenyl-8-trimethylsilyl-7-trimethylsilyloxybicyclo[4....",-0.023646710149882465,0.032679005508180925
dipropylfluoroamine,-0.023646710149882465,0.032679005508180925
"ethanoic acid 2,2,2-trichloroethyl ester",-0.023646710149882465,0.03267900550818093
"exo-(c-4a,c-8a)-1,4,4a,5,8,8a-Hexahydro-1,4,10,10-tetramethyl-r-l,c-4:t-5,t-...",-0.023646710149882465,0.032679005508180925
exo-5-Methyl-3-oxabicyclo[4.1.0]heptan-2-one,-0.023646710149882465,0.032679005508180925
i-Butylhydrazine.H2SO4,-0.023646710149882465,0.032679005508180925
methyl mandelate (2S)-[3-13C]isobutyrate,-0.023646710149882465,0.032679005508180925
n-Decyl prop-2-ynoate,-0.023646710149882465,0.032679005508180925
n-Heptyl methylphosphonofluoridate,-0.023646710149882465,0.032679005508180925
p-Fluorophenyl 3-phenylprop-2-en-telluroloate,-0.023646710149882465,0.032679005508180925
"rel-(2R,5R,.alpha.S)-.alpha.-(1-Methylethyl)-5-methyltetrahydrofuran-2-methanol",-0.023646710149882465,0.032679005508180925
"rel-(2S,4R,6S)-2-(1',1'-Dimethylethyl)-4,6-dimethyl-1,3-dioxane",-0.023646710149882465,0.032679005508180925
"tert-Butyl (2E)-2,3,7-trideoxy-D-ribo-hept-2-enoate",-0.023646710149882465,0.032679005508180925
tert-Butyl 2-hydroxypropylcarbamate,-0.023646710149882465,0.032679005508180925
tert-butyl (alpha) trimethylacetate,-0.023646710149882465,0.032679005508180925
trans-2-Methyl-4-(bromomethyl)-.gamma.-thiobutyrolactone,-0.023646710149882465,0.032679005508180925
"(1RS,6SR,8RS)-2-Aza-8-methyl-7-oxa-8-phenylbicyclo[4.2.0]octan-3-one",-0.023646710149882462,0.032679005508180925
(2E)-4-(2-Hydroxyethoxy)-2-pentene,-0.023646710149882462,0.03267900550818092
(2R)-Cyclopentyl-1-phenyl-2-[(1S)phenylethylamino]ethanone,-0.023646710149882462,0.032679005508180925
(E)-1-[2-(Trimethylsilyl)ethynyl]-2-t-butoxycyclopropane,-0.023646710149882462,0.032679005508180925
"(E/Z)-2-(3-Ethoxy-1-methyl-2-propenyl)-2-methyl-1,3-cyclopentanedione",-0.023646710149882462,0.03267900550818092
(R)-2-benzyloxy-1-tert-butyldiphenylsilanyloxy-3-(4-methoxy-benzyloxy)-propane,-0.023646710149882462,0.03267900550818092
(Z)-6-(Tetrahydropyran-2-yloxy)-1-trimethylsilylhex-2-ene,-0.023646710149882462,0.032679005508180925
"1,3-Diazetidine-2,4-dione, 1,3-bis(1-methylethyl)-",-0.023646710149882462,0.032679005508180925
"1,5-Diazabicyclo[3.2.1]octane",-0.023646710149882462,0.032679005508180925
"1-Methylamino-4,4-dimethylazetidin-2-one",-0.023646710149882462,0.032679005508180925
"2,2-Difluoro-2-methylthio-1-(2-pyridyl)ethanol",-0.023646710149882462,0.032679005508180925
"2,3-Dicyano-hexahydropyrrolo[1,2-b]isoxazol-4-ol",-0.023646710149882462,0.032679005508180925
"2,5-Dimethyl-4-mercaptohexene",-0.023646710149882462,0.032679005508180925
2-Cumyladamantane,-0.023646710149882462,0.032679005508180925
2-Methyl-2-(phenylthio)thiolane 1-oxide,-0.023646710149882462,0.03267900550818092
"2-Oxetanone, 4-methyl-, (.+/-.)-",-0.023646710149882462,0.032679005508180925
"2-Propanone, 1,1,1,3,3-pentachloro-",-0.023646710149882462,0.032679005508180925
"2-[2-(2-Hydroxyethoxy)propyl]-1,3-dioxolane",-0.023646710149882462,0.03267900550818092
2-cyano-5-methoxypent-1-ene,-0.023646710149882462,0.032679005508180925
3-Isopropylidenetetrahydrofuran-2-one,-0.023646710149882462,0.03267900550818092
"3-Methylbenzoic acid, 2-formyl-4,6-dichlorophenyl ester",-0.023646710149882462,0.03267900550818092
"7-Methoxy-2,3-dihydro-2-phenyl-4-quinolone",-0.023646710149882462,0.032679005508180925
"Acetic acid, pentyl ester",-0.023646710149882462,0.03267900550818092
"Bis(1,3-dimethyl-2-butenyl)ether (isomer B)",-0.023646710149882462,0.03267900550818092
Ethyl 2-(n-butyl)cycloprop-2-en-1-carboxylate isomer,-0.023646710149882462,0.032679005508180925
L-Valine diallylamide,-0.023646710149882462,0.032679005508180925
"N,N-Diethyl-1-cyclopropyl-2-methylethylamine",-0.023646710149882462,0.032679005508180925
N-(2'-Hydroxy-1'-methyl-2'-phenylethyl)-trimethylacetamide,-0.023646710149882462,0.032679005508180925
N-Allyl-2-(methylthio)allylamine,-0.023646710149882462,0.032679005508180925
"Pentane, 3-ethyl-2,4-dimethyl-",-0.023646710149882462,0.03267900550818092
"Phenol, 2-(1-phenylethyl)-",-0.023646710149882462,0.03267900550818092
"Pyrazine, 2,5-dimethyl-",-0.023646710149882462,0.032679005508180925
"endo-8-hydroxy-7,7-dimethyl-cis-bicyclo[3.3.0]octan-2-one-ethyleneacetal",-0.023646710149882462,0.032679005508180925
"exo-1-methyl-4-isopropyl-bicyclo[2.2.2]oct-5-ene-2,3-dicarboxylic anhydride",-0.023646710149882462,0.032679005508180925
"methyl (2RS,4SR)-2-ethoxy-3,4-dihydro-4-{2-[(2-methoxyethoxy)methoxy]ethyl}-...",-0.023646710149882462,0.032679005508180925
trans-O-(2-acetoxycyclohexyl)-N-isopropylhydroxylamine,-0.023646710149882462,0.032679005508180925
1-(1-Propynyl)cyclopentanol,-0.023646710149882455,0.03267900550818092
"1H-pyrrole,-1-(4-hydroxy-1-oxobutyl)-",-0.023646710149882455,0.03267900550818092
"8b,8c-cis-2,2,6,6-tetramethylperhydro-3a,4a,7a,8a-tetraazacyclopentano[def]f...",-0.023646710149882455,0.03267900550818092
"E-2,2,4-trimethyl-4-hexen-1-ol",-0.023646710149882455,0.03267900550818092
"Ethyl (1R,2R)-2-formyl-1-methylcyclo[ropanecarboxylate",-0.023646710149882455,0.03267900550818092
"Ketone, isopropylidenecyclopropyl methyl",-0.023646710149882455,0.03267900550818092
"(+)-(1R,4R,5S,6S)-5-exo,6-endo-dihydroxy-7-oxabicyclo[2.2.1]heptan-2-one",-0.023646710149880658,0.03267900550818096
"Methyl 5-[3,3-bis(trimethylsilyl)oxiran-2-yl]pentanoate",0.02359879012200606,-0.03277488300540905
2-Propenal,0.023442240728906223,-0.03221456093823636
"1,6-Anhydro-2-chloro-.beta.,D-erythro-hex-3-enpyranose",0.023435857763899896,0.030228447012449318
2-Methylpropyl-1-nitrile,0.023369285407822092,0.03283601253832414
(E)-1-(Hex-2-enyloxy)butan-2-one,0.023321300474344407,-0.03302338125121026
2-Acetoxy-tetrahydrofuran,0.023256472183084152,-0.032432529143867093
"2,3-Pentanedione",0.023225328410155097,-0.033095020840337934
Methoxycyclopentaneacetonitrile,0.023203291292976057,0.03313333325265624
"2,7-Octanedione",-0.023098086672276776,0.0033504004548379034
"PENTAN-1,3-DIOLDIISOBUTYRATE, 2,2,4-TRIMETHYL-",0.02301252189006874,-0.033193870686224106
"1,3-Dimethyl-3-(2-propyl)azetidine-2,4-dione",0.022978716875126294,-0.03186231089671968
"(3S,4S)-Hept-1-en-6-yne-3,4-diol",0.02270691927501273,0.03240182891252233
"3,5-Diamino-1,2,4-triazole",0.022702031559797456,-0.03251701945972525
"Furan, tetrahydro-2,2,5,5-tetramethyl-",0.022698954903651362,0.0327840011928546
"Propanoic acid, 2-methylpropyl ester",0.022558071869509297,-0.03246418918446536
"methyl tetradeca-12,13-dienoate",0.022452818463386967,0.033504456162407444
1-Nonanol,0.022448073126968032,0.03379396305691162
2-(Dibromomethyl)tetrahydropyran,0.022415253745820738,0.03365493640565748
1-methoxypentadecan-3-one,-0.022400360807116028,-0.010463998677264635
"(1R,2S)-1,2-Dimethoxy-1,2-diphenylethane",0.022339005921645613,-0.03119240955614807
Butanal,0.02232584527173328,0.033260746633253166
"Formic acid, 2-methylpropyl ester",0.022231223810862896,0.03369981378984603
"2-Propanol, 2-methyl-",0.02216873804372715,-0.03277040804941065
N-Allylacetamide,0.022107016990190676,0.03399952186922649
(tert-Butylsulfonyl)benzene,0.022083026579243117,-0.03403899671891437
"2-Propanol, 1,1'-oxybis-",0.022065793798481316,-0.031384078860175885
5-Chloro-3-(p-ethylphernyl)-2-nitrothiophene,0.022006799893263082,0.034016872523099685
trans-1-Butyl-2-methylcyclopropane,0.021877748960796597,0.034265393164592935
"3-Heptanone, 2,4-dimethyl-",0.021829272931448953,-0.03396474347526899
3-Tetradecanone,0.02175300445174486,0.03436842931658021
1-(3-Methylbut-2-enyloxy)butan-2-one,0.02165267199660726,-0.0295645708136063
N'-(Iodotetrafluoroethoxytetrafluoroethyl)sulfonyl-N-(diethylamino)cyclopent...,0.02165004143864693,0.03432889665446577
2-Propenoic acid,0.021587490242290338,0.034433921919087354
10-Methoxydec-8-yn-7-one,0.021535287276924622,0.03396951662535129
"2-(diphenylphosphinoyl)-5,5-dimethyl-1,3-dioxane",0.021534344271787978,0.034184628479325435
"Benzene, 1,3-dimethyl-",0.021436160916214454,0.03321590180831301
"anti-4-Ethoxy-4,5-dihydro-5-methoxy-5-methyl-2(3H)-furanone",0.021410997998871396,0.03461755264660286
Dodecanoic acid,0.021383789277366633,0.02309121144124901
2-Nonanone,0.021241427694993778,-0.03327552391326383
"Disulfide, dihexyl",0.021187497800692418,-0.03413474642604462
"6-Methyl-2,6-heptadienal",0.021083636831929365,0.03489310040725099
"3,3,6-trimethyl-2-methylene-4-oxo-2,3-dihydrofuro[3,2-c]pyran",0.021076750777428165,-0.030320738188458405
"2-Propenoic acid, 3-phenyl-, 2-methylpropyl ester",0.020902202097887568,0.03489456640850388
"2,5-Dimethylhexane-2,5-dihydroperoxide",0.020782667142505276,-0.03375117639504246
cis and trans-3-(Fluorodimethylsilyl)cyclohexyl acetate,0.020723891359970596,0.03508589166422943
5-(2'-oxopropyl)isoxazole,0.02066174091289846,-0.02490031587831274
1-(p-Methoxyphenyl)-3-phenyloxy-4-oxoazetidine-2-N-benzylN-methylenenitrone,0.020614822596665233,-0.008435555986580287
"Ethyl (2'-nitro-3'-oxo-6',7'-dihydro-3H,5H-benzo[ij]quinolizin-1'-yl)-cyanoa...",0.020592693760046365,-0.03474331201771039
Isophthalaldehyde,-0.020530843079087254,-0.02365824027690984
5-Hexen-3-one,0.020529938796214516,0.035312275065582065
"2,2,5,5-Tetradeuteriomethoxycyclohexane",0.020346399787286973,0.03385309404417214
Acetophenone,0.020295865878139783,0.035464045584811504
Benzene,0.020198800630970553,0.035556322626656436
"Orthoformic acid, triisobutyl ester",0.020188294520543108,0.03556167152204881
"cis-2-(2,2-Dichloroethyl)-3-methyloxetane",0.020172284776523653,0.0355801091363841
"Pentane, 1-propoxy-",0.020086481951465014,-0.03367726092667964
"(1S,5S)-2-oxa-6-azabicyclo[3.3.0]octan-3-one",0.020084349485994975,0.03564267440977056
"(3R*,5S*,6R*)-3-Isopropyl-6-phenyl-5-(2,6-xylidino)-1,2,4-trioxane",0.020037557064390255,0.035162577710886093
"Disulfide, dimethyl",0.019973666670022844,-0.03343780232799287
"1-Methyl-3-(3,4-dimethoxyphenyl)-6,7-dimethoxyisochromene",0.019965394776280992,0.035726857825009034
"Terbutaline, N-trifluoroacetyl-O,O,o-tris(trimethylsilyl)deriv.",0.019899057532160865,0.014501790715654833
"1,1,1-Trifluoro-4-ethoxybut-3-en-2-one",0.019890471766642735,0.0357821421093593
2-Pentanone,0.019866140851147695,0.03579205054255451
"Propanoic acid, 3-chloro-, 4-formylphenyl ester",0.019801390850569055,0.03584254316705253
isopropyl(trans-2-methylcyclopentyl)isopropoxyborane,0.019677519619624204,0.03592979369352845
"(2R,4R)-2,4-dimethylhexan-1-ol",0.019635247171437838,0.03593368045904395
"Pyrazine, 2-ethyl-6-methyl-",0.019478653188783366,0.03597728632065357
"(1RS,3RS)-2-Methylcyclohexan-1,3-diol",-0.01917483043407783,-0.03612594527847318
"(2S,3R)-3-Amino-4-phenylbutane-1,2-diol",-0.01917483043407783,-0.03612594527847318
(R)-2-Isopropyloxirane-2-carboxamide,-0.01917483043407783,-0.03612594527847318
(R)-S-Ethylthio mandelate,-0.01917483043407783,-0.03612594527847318
"1,3-Dimethyl-2,4-dioxo-6-(phenylcarbamoyl)-8-phenyl-1,2,3,4-tetrahydro[1.2.4...",-0.01917483043407783,-0.03612594527847318
1-[(Phenylethyl)thio]-1-(methylthio)-2-nitroethene,-0.01917483043407783,-0.03612594527847318
"2-(p-Fluorophenyl)-8-[2'-phenylethenyl]-6-methyl-imidazo[1,2-a]pyridine",-0.01917483043407783,-0.03612594527847318
"2-Oxo-4-phenyl-6-(4-chlorophenyl)-1,2-dihydropyrimidine",-0.01917483043407783,-0.03612594527847318
2-Pyrimidinecarbonitrile,-0.01917483043407783,-0.03612594527847318
"3,4-Dimethoxy-2,3-dimethyl-1-butene",-0.01917483043407783,-0.03612594527847318
3-Hydroxy-N-propyl-pyrrolidine,-0.01917483043407783,-0.03612594527847318
3-Nonanol,-0.01917483043407783,-0.03612594527847318
"4-[2-(6-(4-Morpholinyl)-1,2-benzisoxazol-3-yl)ethyl]-1-piperidinecarboxylic ...",-0.01917483043407783,-0.03612594527847318
"8-(R,S)-Pentyloxocan-2-one",-0.01917483043407783,-0.03612594527847318
"Boric acid (H3BO3), trimethyl ester",-0.01917483043407783,-0.03612594527847318
"Butanal, 2-ethyl-",-0.01917483043407783,-0.03612594527847318
"Cyclopentane, 1-ethyl-3-methyl-",-0.01917483043407783,-0.03612594527847318
Dicyclohexyl ester of glutaric acid,-0.01917483043407783,-0.03612594527847318
N-Benzyl-N-methyl-alpha.-oxobenzeneacetamide,-0.01917483043407783,-0.03612594527847318
"1,1,1-Trifluoro-2-(trifluoromethyl)-3-[3',3',3'-trifluoro-2'-(trifluoromethy...",-0.019174830434077826,-0.03612594527847318
1-(p-Tolyl)ethyl acetate,-0.019174830434077826,-0.03612594527847318
4-(Tetrahydrofuranyl-2-oxy)-4-methyl-2-pentanone,-0.019174830434077826,-0.03612594527847318
Bismethylene[6.3.2]propellanone Ethylene Ketal,-0.019174830434077826,-0.03612594527847318
"S-[3-(4-Methylphenyl)-1-methylthio-3-oxopropenyl]-S,S-dimethylsulfinylinium ...",-0.019174830434077826,-0.03612594527847318
(3-Fluorophenoxy)amine,-0.019174830434077823,-0.036125945278473175
"1,1,1,2,3,3-Hexafluoroheptane",-0.019174830434077823,-0.03612594527847318
"2,2-Dimethoxy-5,5-di-n-propyl-1,3,4-.deta.(3)-oxadiazoline",-0.019174830434077823,-0.036125945278473175
"2,5-Dipentyl-(pehydro)-quinoline",-0.019174830434077823,-0.03612594527847318
2-Formyl-5-fluoropyrrole,-0.019174830434077823,-0.036125945278473175
2-Methyl-1-trichloromethylbutanol,-0.019174830434077823,-0.036125945278473175
2-Oxazolidinethione,-0.019174830434077823,-0.03612594527847318
3-(Azidomethyl)cyclohexene,-0.019174830434077823,-0.03612594527847318
4-(Methylthiomethyl)phenol,-0.019174830434077823,-0.03612594527847318
"Ethane, 1,1',1''-[methylidynetris(thio)]tris-",-0.019174830434077823,-0.036125945278473175
Ethyl Hept-6-enoate,-0.019174830434077823,-0.03612594527847318
"O-(1,1-diethylpropyl)selenofornate",-0.019174830434077823,-0.036125945278473175
"[6-13C]-(2S,4S)-5-Chloroleucine",-0.019174830434077823,-0.036125945278473175
"t-Butyl 2-[3',3'-dicyano-2'-(4-methylphenyl)allylidene]-thiazolidine-3-carb...""",-0.019174830434077823,-0.036125945278473175
"(+)-(1S)-2-(3,4-Dimethoxyphenyl)-1-(3-methoxyphenyl)ethylamine",-0.01917483043407782,-0.036125945278473175
"(+-)-(4.alpha.,5.beta.(E))-4-Methyl-5-(1-propenyl)-2-imidazolidinone",-0.01917483043407782,-0.036125945278473175
(+-)-.alpha.-Lycorane,-0.01917483043407782,-0.036125945278473175
"(-)-(3R,6S)-2,3,6-trimethylhepten-7-ol",-0.01917483043407782,-0.036125945278473175
"(1.alpha.,4.alpha.,4a.alpha.,10a.alpha.)-1,4,4a,5,6,7,8,9,10,10a-decahydro-1...",-0.01917483043407782,-0.036125945278473175
"(1R*,2R*)-1,2-Dimethylcyclohexan-1-ol",-0.01917483043407782,-0.036125945278473175
"(1R*,5S*)-1-[3'Methylbutyl]-5-hydroxy-2,2-dimethylcyclopentyl methyl ketone",-0.01917483043407782,-0.036125945278473175
"(1R,2R)-10-Pyrrolidinoisoborneol",-0.01917483043407782,-0.036125945278473175
"(1R,2S)-Amino-2-methyl-4-phenyl-1-pentanol-1",-0.01917483043407782,-0.036125945278473175
"(1R,2S)-N-Benzyl-2-hydroxy-7,7-dimethylbicyclo[2.2.1]heptane-1-sulfonamide",-0.01917483043407782,-0.036125945278473175
"(1R,3R)-3-Acetyl-2,2-dimethylcyclobutaneacetaldehyde",-0.01917483043407782,-0.036125945278473175
"(1S,2S)-1-Ethyl-2-methyl-3-oxobutyl propanoate",-0.01917483043407782,-0.036125945278473175
"(2'S,R,R)-(-)-3-[2'-(1-Ethyl-1-methoxypropy)-2-oxobipyrrolidinyl-3-yl]-3-hex...",-0.01917483043407782,-0.036125945278473175
(2)-7-DODECENOL,-0.01917483043407782,-0.036125945278473175
(2-(2H(1)-4-Methoxyphenylethyne,-0.01917483043407782,-0.036125945278473175
"(2R*,1'R*,2'R*)-2-(2'-Chloro-1'-hydroxycyclohextyl)-2-phenylacetic acid",-0.01917483043407782,-0.036125945278473175
"(2R,4S)-(-)-trans-4-Methyltetrahydro-5-oxo-2-furancarboxylic acid",-0.01917483043407782,-0.036125945278473175
(2S)-3-methyl-2-butanol,-0.01917483043407782,-0.036125945278473175
"(2S,2' S)-{N-[2'-(Methylamino)propionyl}bornane-10,12-sultam",-0.01917483043407782,-0.036125945278473175
"(2S,3R)-2-Methyl-2,3-epoxy-1-butanol",-0.01917483043407782,-0.036125945278473175
"(3R*,5S*,6R*)-5-Anilino-3-isopropyl-6-methyl-6-phenyl-1,2,4-trioxane",-0.01917483043407782,-0.036125945278473175
"(3R,4S,1'S)-4-Methyl-3-[6',6'-ethylenedioxy-1'-dimethyl(phenyl)silylbutyl]ox...",-0.01917483043407782,-0.036125945278473175
"(3S)-3-Phenyl-2,3-dihydro-1H-isoindol-1-one",-0.01917483043407782,-0.036125945278473175
"(3S,5S)-3,5-Dihydroxy-3,5-dimethylheptan-4-one",-0.01917483043407782,-0.036125945278473175
"(4E,7S)-7-Methoxydodec-4-enoic acid",-0.01917483043407782,-0.036125945278473175
"(4S,E)-4-Methyl-2-hexen-1-ol",-0.01917483043407782,-0.036125945278473175
"(7S*,8R*)-7-Butyl-8-(1-methylethenyl)-5,5-dimethyl-2,-phenylperhydro[1,2,4]t...",-0.01917483043407782,-0.036125945278473175
"(E)-3-Ethylidene-2',2',5,5-tetramethylspiro[bicyclo[2.1.0]pentane-2,5'-[1,3]...",-0.01917483043407782,-0.036125945278473175
(E)-5-Hydroxy-5-methylhex-2-en-4-one,-0.01917483043407782,-0.036125945278473175
"(E)-Ethyl 2,2-difluoro-4-phenylbut-3-enoate",-0.01917483043407782,-0.036125945278473175
(E)-Ethyl 3-iodo-3-decenoate,-0.01917483043407782,-0.036125945278473175
"(E,E)-3,7-Dimethyl-1-(methoxymethoxy)-1,6-octadien-3-ol",-0.01917483043407782,-0.036125945278473175
(R)-(-)-2-Ethylhexan-1-ol,-0.01917483043407782,-0.036125945278473175
(R)-.beta.-Propyl-.gama.-butyrolactine,-0.01917483043407782,-0.036125945278473175
"(R)-2-(N,N-Dibenzylamino)-3-chloro-1,1,1-trifluoropropane",-0.01917483043407782,-0.036125945278473175
"(R)-4-( 1',1'-Dimethylethyl)-1,3,2-dioxathiolane-2-one",-0.01917483043407782,-0.036125945278473175
"(R)-Dodeca-1,2-dien-4-ol",-0.01917483043407782,-0.036125945278473175
(S)-(+)-2-(1-Ethoxyethoxy)-1-propanol,-0.01917483043407782,-0.036125945278473175
(S)-(-)-2-Acetylaminopropan-1-ol,-0.01917483043407782,-0.036125945278473175
(S)-2-[1-Ethyl-1-methoxypropyl)-1-[1-(3-methylbut-2-enyloxymethyl)-1-propyli...,-0.01917483043407782,-0.036125945278473175
(S)-3-Phenylbut-3-en-2-ol,-0.01917483043407782,-0.036125945278473175
"(S)-3-sec-Butyl-1,5-bis(1,3,3-trimethyl-2-indolinyl)pentamethi-mium-perchlorate",-0.01917483043407782,-0.036125945278473175
"(S,S)-1,1-Diethoxy-N-(1-phenylethyl)-2-propanamine",-0.01917483043407782,-0.036125945278473175
(Z)-1-(phenylthio)oct-2-ene,-0.01917483043407782,-0.036125945278473175
(Z)-1-Iodo-5-tert-butyldimethylsilyloxypent-1-ene,-0.01917483043407782,-0.036125945278473175
(Z)-4-Methyl-2-pentenal,-0.01917483043407782,-0.036125945278473175
(Z)-Dec-4-enyl (E)-2-methylbut-2-enoate,-0.01917483043407782,-0.036125945278473175
(Z/E)-2-Norboranone oxime,-0.01917483043407782,-0.036125945278473175
(bromomethylsulfonyl)sulfene-quiniclidine-adduct,-0.01917483043407782,-0.036125945278473175
".alpha.,.alpha.'-diiodo-o-xylene",-0.01917483043407782,-0.036125945278473175
".omega.,.omega.-Diphenylhexane",-0.01917483043407782,-0.036125945278473175
"1,1,1,3,3,5,5,7,7,9,9-Undecamethylpentasiloxane",-0.01917483043407782,-0.036125945278473175
"1,1-D(2)-hexaspiro[2.0.3.0.3.0.3.0.3.0.3.0]tricosane",-0.01917483043407782,-0.036125945278473175
"1,1-bis( Chloromethylboryl) ethane",-0.01917483043407782,-0.036125945278473175
"1,1-dimethylethyl 3-oxo-2-methylenepentanoate",-0.01917483043407782,-0.036125945278473175
"1,12-Dodecanediol",-0.01917483043407782,-0.036125945278473175
"1,2,2-TRIMETHYL-3-OXO-3-PHENYLPROPYL TOLUENE-P-SULPHONATE",-0.01917483043407782,-0.036125945278473175
"1,2-Diisopropyl-1,2-diazetidine",-0.01917483043407782,-0.036125945278473175
"1,2-Dimethyl-5-(2-propyl)cyclohexanol",-0.01917483043407782,-0.036125945278473175
"1,3,3a,4,5,6,7,8,9,9a-Decahydro-4,9-epoxybenzo[f]isobenzouran-1,3-dione",-0.01917483043407782,-0.036125945278473175
"1,5,9-Decatriene, 2,3,5,8-tetramethyl-",-0.01917483043407782,-0.036125945278473175
"1,5-Heptadien-4-one, 3,3,6-trimethyl-",-0.01917483043407782,-0.036125945278473175
"1,6,6-Trimethyl-2-(3-furyl)tricyclo[3.4.0.0(2,9)]nonan-3-one",-0.01917483043407782,-0.036125945278473175
1-(1-Hydroxycyclohexyl)-1-nonanone,-0.01917483043407782,-0.036125945278473175
1-(2-Methoxyethenyl)cyclopropane,-0.01917483043407782,-0.036125945278473175
1-(6-Methoxypyridin-3-yl)but-3-en-1-ol,-0.01917483043407782,-0.036125945278473175
"1-(Pent-4-ynyl)pyrano[3,4-b]indol-3-one",-0.01917483043407782,-0.036125945278473175
1-Acetyl-3-n-butyl[1]staffane,-0.01917483043407782,-0.036125945278473175
1-Chloro-3-pentan-4-one cyclopentane,-0.01917483043407782,-0.036125945278473175
1-Cyclobutylcyclopropanol,-0.01917483043407782,-0.036125945278473175
"1-Heptanol, 2,4-dimethyl-,",-0.01917483043407782,-0.036125945278473175
"1-Hydroxymethyl-6-methyl-5,7,8-trimethoxy-1,2,3,4-tetrahydroisoquinoline",-0.01917483043407782,-0.036125945278473175
1-Methyl-1-nitrocyclohexane,-0.01917483043407782,-0.036125945278473175
"1-Methyl-1H-1,2,4-triazole",-0.01917483043407782,-0.036125945278473175
1-Octen-4-ol,-0.01917483043407782,-0.036125945278473175
1-Pentylprop-2-ynyl Acetate,-0.01917483043407782,-0.036125945278473175
"1-acetoxy-3,3-dimethyl-2-butanone",-0.01917483043407782,-0.036125945278473175
1-benzoyl-2-(dimethylamino)propane,-0.01917483043407782,-0.036125945278473175
1-butylethanoate,-0.01917483043407782,-0.036125945278473175
1-methoxy-2-aminocarbonyl-1-aza-cyclopropane,-0.01917483043407782,-0.036125945278473175
1-t-Butyldimethylsilylox-5-hydroxynon-8-ene,-0.01917483043407782,-0.036125945278473175
1-vinyl-1-cyclopropyl ethyl ether,-0.01917483043407782,-0.036125945278473175
10-ANGELOYL-DESACETYL-ISOAPRESSIN,-0.01917483043407782,-0.036125945278473175
"12.BETA.-OCTAHYDROINDOLO[2,3-A]QUINOLIZINE",-0.01917483043407782,-0.036125945278473175
"13,14,15,16-Tetranor-8(17)-labden-12-al",-0.01917483043407782,-0.036125945278473175
1H-Pyrrole,-0.01917483043407782,-0.036125945278473175
"2,2-Dichloro-3-phenylpropanal",-0.01917483043407782,-0.036125945278473175
"2,2-Difluoro-3-methylbutane",-0.01917483043407782,-0.036125945278473175
"2,3-Undecandione",-0.01917483043407782,-0.036125945278473175
"2,4-Dimethyl-6-(2-methylphenyl)pyridine-1-oxide",-0.01917483043407782,-0.036125945278473175
"2,5-Furandione, dihydro-",-0.01917483043407782,-0.036125945278473175
2- and 4-Acetoxy-2-methyl-3-hexanone,-0.01917483043407782,-0.036125945278473175
2-(1'-Butyl-3-pyrazolyl) pyridine,-0.01917483043407782,-0.036125945278473175
2-(1-Ethylthiobut-2-enyl)cyclohexanone,-0.01917483043407782,-0.036125945278473175
"2-(1-Methylethenyl)-5-methyl-N,N-bis(1-methylethyl)-4-hexenamide",-0.01917483043407782,-0.036125945278473175
"2-(4'-Nitrophenyl)quinoxaline-1,4-dioxide",-0.01917483043407782,-0.036125945278473175
2-(But-2'-yn-1'-yloxy)-tetrahydropyran,-0.01917483043407782,-0.036125945278473175
2-(Dioxolan-2-yl)-4-methyl-4-nitropentane,-0.01917483043407782,-0.036125945278473175
2-(Hydroxyethyl) isoamyl sulfide,-0.01917483043407782,-0.036125945278473175
"2-(Oxolan-2-yl)-1,2-oxazinane",-0.01917483043407782,-0.036125945278473175
2-Acetonyl-2-ethyloxirane,-0.01917483043407782,-0.036125945278473175
2-Acetyl-4-azido-3-methoxybutyric acid methyl ester,-0.01917483043407782,-0.036125945278473175
2-But-1-enyltetrahydrofuran,-0.01917483043407782,-0.036125945278473175
"2-Butanone, 3-methyl-1-phenyl-",-0.01917483043407782,-0.036125945278473175
"2-Butenoic acid, 2-methoxy-, methyl ester, (Z)-",-0.01917483043407782,-0.036125945278473175
"2-Butyl-1,3-dioxepan",-0.01917483043407782,-0.036125945278473175
2-Butyne,-0.01917483043407782,-0.036125945278473175
2-Cyanophenyl .beta.-phenylpropionate,-0.01917483043407782,-0.036125945278473175
2-Deutero-benzobicyclo[2.2.2]octadiene,-0.01917483043407782,-0.036125945278473175
"2-Heptanone, 6-methyl-",-0.01917483043407782,-0.036125945278473175
"2-Heptene, 5-methyl-",-0.01917483043407782,-0.036125945278473175
"2-Hydroxy-2-methylpropyl 3,3-dimethylbutanoate",-0.01917483043407782,-0.036125945278473175
"2-Hydroxymethyl-2-phenyl-1,3-propanediol",-0.01917483043407782,-0.036125945278473175
2-Iodo-4-methylphenyl 6-benzoyloxy-10a-methyoctahydrocyclopentaphenanthrene-...,-0.01917483043407782,-0.036125945278473175
2-Isopropyl-1-methylhexahydropyrimidine,-0.01917483043407782,-0.036125945278473175
"2-Isopropyl-2,5-dihydrofuran",-0.01917483043407782,-0.036125945278473175
2-Methyl-1-methylsulfanyl-oct-3-en-2-ol,-0.01917483043407782,-0.036125945278473175
2-Methyl-2-cyclopenten-1-ol,-0.01917483043407782,-0.036125945278473175
2-Methyl-9H-cyclohepta[b]pyridine,-0.01917483043407782,-0.036125945278473175
2-Methyl-tetrahydropyridin-4-one,-0.01917483043407782,-0.036125945278473175
2-Nitro-2-methylcyclohexanone,-0.01917483043407782,-0.036125945278473175
"2-Octanone, 1-phenyl-",-0.01917483043407782,-0.036125945278473175
"2-Oxetanone, 4-methylene-",-0.01917483043407782,-0.036125945278473175
2-Oxocyclopentanecarboxamide,-0.01917483043407782,-0.036125945278473175
2-Phenyl-2-hexanol,-0.01917483043407782,-0.036125945278473175
2-Phenyl-[2-[tetrahydropyranyl]oxy]ethanol,-0.01917483043407782,-0.036125945278473175
"2-Vinyl-1,3-dioxacyclopentanium",-0.01917483043407782,-0.036125945278473175
2-[(benzyloxy)methyl]-4(5)-methylimidazole,-0.01917483043407782,-0.036125945278473175
2-[13C]-2-Tetrahydrofuryl-methanol,-0.01917483043407782,-0.036125945278473175
2-[2'-(p-Chlorophenyl)-1'-methylethenyl]-benzimidazole,-0.01917483043407782,-0.036125945278473175
"2-[4'-(5,5-dimethyl-1,3-dioxan-2-yl)-2'(Z)-butenyl]-4,4,5,5-tetramethyl-2-bo...",-0.01917483043407782,-0.036125945278473175
"2-[t-3'-Methoxy-1',2',3'-trimethyl-r-1'-cyclopentyl0propanedinitrile",-0.01917483043407782,-0.036125945278473175
2-formyl-3-methyl-4-ethynylpyrrole,-0.01917483043407782,-0.036125945278473175
2-methoxy-1-(1-methoxyethyl)cyclopentanol,-0.01917483043407782,-0.036125945278473175
"3,3-Difluoro-2-hydroxy-2-phenyl-4-dodecanone",-0.01917483043407782,-0.036125945278473175
"3,3-Dimethyl-1-cyclohexenyl acetate",-0.01917483043407782,-0.036125945278473175
"3,4,5,6-Tetrahydro-7-acetoxy-2-(1,3-dithian-2-yl)-9-(1,1-dimethylheptyl)-2,6...",-0.01917483043407782,-0.036125945278473175
"3,5-Octanedione, 2,2,4,7-tetramethyl-",-0.01917483043407782,-0.036125945278473175
"3,6-Dihydro-1-methyl-6-[1'-(2'-methylindolyl)]pyridin-2(1H)-one",-0.01917483043407782,-0.036125945278473175
"3,6-Heptanedione",-0.01917483043407782,-0.036125945278473175
3-(Hydroxymethyl)-2-cyclopentenone,-0.01917483043407782,-0.036125945278473175
3-(tert-Butylazo)-3-methylbutanoic Acid,-0.01917483043407782,-0.036125945278473175
"3-Acetyl-2,5-dimethyl furan",-0.01917483043407782,-0.036125945278473175
3-Chloroheptylacetate,-0.01917483043407782,-0.036125945278473175
3-Cyclopropyl-3-methyl-but-1-yne,-0.01917483043407782,-0.036125945278473175
3-Ethoxy-1-(2-propenoxy)-2-propanol,-0.01917483043407782,-0.036125945278473175
"3-Ethyl-1,4-dimethyl-1,3-cyclohexanediol",-0.01917483043407782,-0.036125945278473175
3-Ethyl-2-hydroxytetrahydrofuran,-0.01917483043407782,-0.036125945278473175
3-Ethyl-5-methyl-2(5H)-furanone,-0.01917483043407782,-0.036125945278473175
3-Hydroxy-3-phenylpropanenitrile,-0.01917483043407782,-0.036125945278473175
3-METHYLBUTYL HEXANOATE,-0.01917483043407782,-0.036125945278473175
"3-Methyl-2,4,5-triphenyloxazolidine isomer",-0.01917483043407782,-0.036125945278473175
"3-Methylbut-2-enoic acid, 4-nitrophenyl ester",-0.01917483043407782,-0.036125945278473175
3-Methylbut-2-noic acid prop-2-ynylamide,-0.01917483043407782,-0.036125945278473175
3-Methylpentyl acetate,-0.01917483043407782,-0.036125945278473175
3-Methylpyrrole-2-carbaldehyde,-0.01917483043407782,-0.036125945278473175
"3-Octen-2-one, (E)-",-0.01917483043407782,-0.036125945278473175
"4,4-Ethylidenedioxy-9-.alpha.-methanesulfonyloxy-5-methyltricyclo[6.3.0.0(1,...",-0.01917483043407782,-0.036125945278473175
"4,5,6,7,8,9-Hexahydro-1-methyl-3,10-dimethylcycloocta[d]pyridazinium tetrafl...",-0.01917483043407782,-0.036125945278473175
"4,5-dihydro-2-methyl-4-(1-methylethyl)oxazole",-0.01917483043407782,-0.036125945278473175
"4,8-Bis(benzylamino)-2-(2-hydroxyethylamino)pyrimido[5,4-d]pyrimidine",-0.01917483043407782,-0.036125945278473175
"4-(2'-Hydroxyethyl)-2,3-dihydro-1H-indole",-0.01917483043407782,-0.03612594527847317
"4-(2-Nitrophenyl)-1,2,3-thiadiazole",-0.01917483043407782,-0.036125945278473175
4-(2-tetrahydropyranyl)oxybutanal,-0.01917483043407782,-0.036125945278473175
4-(N-Ethylamino)pent-3-en-2-one,-0.01917483043407782,-0.036125945278473175
4-(Nitromethyl)anisole,-0.01917483043407782,-0.036125945278473175
4-Diethyoxyphosphinyl-2-phenyl-1(2H)-benzopyran,-0.01917483043407782,-0.036125945278473175
4-Iodo-2-methylbut-1-ene,-0.01917483043407782,-0.036125945278473175
4-Methoxy-2-(4'-Methylbenzenesulfonyl)-5-endo-nitro-3-oxo-2-azabicyclo[2.2.2...,-0.01917483043407782,-0.036125945278473175
4-Methylene-1-pyrazoline,-0.01917483043407782,-0.036125945278473175
"4-Pentyl-2,3-dihydrofuran",-0.01917483043407782,-0.036125945278473175
4-[N'-(4-Dimethylaminobenzylidene)-N-methylhydrazino]benzaldehyde,-0.01917483043407782,-0.036125945278473175
"4-isopropyl-7,8-dioxabicyclo[4.2.2]deca-2,9-diene",-0.01917483043407782,-0.036125945278473175
"4a,8b-trans-2,2,7,7,9-pentamethylperhydro-4,5,8a,9a-tetraazafluorene",-0.01917483043407782,-0.036125945278473175
"5,5-DIMETHYL-2-OXAZOLIDINONE",-0.01917483043407782,-0.036125945278473175
"5,6,7,8-Tetrahydro-5,8-ethanoquinoxaline-6,endo,7-endo-diol",-0.01917483043407782,-0.036125945278473175
"5,6-DIHYDRO-2-METHOXY-4-METHYL-2H-PYRAN",-0.01917483043407782,-0.036125945278473175
"5-Ethyl-1,2,3,4-thiatriazole",-0.01917483043407782,-0.036125945278473175
5-Ethylhydantoin,-0.01917483043407782,-0.036125945278473175
5-Methyltetrahydrofuran-2-methanol,-0.01917483043407782,-0.036125945278473175
5-Propyl-2-pyrrolidinone,-0.01917483043407782,-0.036125945278473175
5-[1'-(4''-Methoxyphenyl)methylidene]-3-chloro-4-(p-methoxyphenyl)-2(5H)-fur...,-0.01917483043407782,-0.036125945278473175
"6,6'-Bis(N,n-dimethylamino)-2,2'-biquinoline",-0.01917483043407782,-0.036125945278473175
6-(4-Aminophenyl)-3-cyano-4-[4-(dimethylamino)phenyl]-2-methylpyridine,-0.01917483043407782,-0.036125945278473175
6-Bromo-1-(tert-butyldimethylsilyl)hexanol,-0.01917483043407782,-0.036125945278473175
"6-Deuterio-1,3-hexadien-5-yne",-0.01917483043407782,-0.036125945278473175
6-Iodo-1-heptene,-0.01917483043407782,-0.036125945278473175
"6-Methoxy-3-phehylspiro[indane-1,7'(6'H)-pyrrolo[3,4-b]pyridin-5'-one",-0.01917483043407782,-0.036125945278473175
6-Nitrobenzo[b]furan,-0.01917483043407782,-0.036125945278473175
6-hepentonitrile,-0.01917483043407782,-0.036125945278473175
"7-(2-Methyl-1,3-dithiolan-2-yl)heptyl pivalate",-0.01917483043407782,-0.036125945278473175
7-Hydroxymethyl-1-azabicyclo[4.3.0]nonane isomer,-0.01917483043407782,-0.036125945278473175
"7.BETA.,3.ALPHA.-DIHYDROXY-1.ALPHA.-2,6-CYCLOHIMACHALANE",-0.01917483043407782,-0.036125945278473175
8-Methyl-1-(phenylthiomethyl)cyclo-octene,-0.01917483043407782,-0.036125945278473175
"8.alpha.,11-drimanediol",-0.01917483043407782,-0.036125945278473175
"Acetic acid, 2-ethylbutyl ester",-0.01917483043407782,-0.036125945278473175
"Acetic acid, 2-methylpropyl ester",-0.01917483043407782,-0.036125945278473175
"Benzaldehyde, 4-chloro-",-0.01917483043407782,-0.036125945278473175
"Benzene, [ethoxy(1-propenyloxy)methyl]-, (E)-",-0.01917483043407782,-0.036125945278473175
"Benzeneethanol, .alpha.-phenyl-",-0.01917483043407782,-0.036125945278473175
Benzyl 4-fluoro-2-butynyl ether,-0.01917483043407782,-0.036125945278473175
Benzyl pyridinium chloride,-0.01917483043407782,-0.036125945278473175
Bicyclo[3.3.0]oct-1(2)-en-3-one,-0.01917483043407782,-0.036125945278473175
"Butane, 2,2-dimethyl-",-0.01917483043407782,-0.036125945278473175
"Butanoic acid, 3,3-dimethyl-",-0.01917483043407782,-0.036125945278473175
Butynyl 2-propenyl ether,-0.01917483043407782,-0.036125945278473175
Chlorotrifluoromethane,-0.01917483043407782,-0.036125945278473175
Cyanogen chloride,-0.01917483043407782,-0.036125945278473175
"Cyclobuta[1,2-d:3,4-d']bis[1,3]dioxole, tetrahydro-, (3a.alpha.,3b.beta.,6a.beta.,6b.alpha.)-",-0.01917483043407782,-0.036125945278473175
Cyclobutylmethanol,-0.01917483043407782,-0.036125945278473175
"Cyclohexanol, 2-methyl-, acetate, cis-",-0.01917483043407782,-0.036125945278473175
"Cyclopentane, 1,2-dimethyl-, trans-",-0.01917483043407782,-0.036125945278473175
"Cyclopentane, methyl-",-0.01917483043407782,-0.036125945278473175
"Cyclopropane, 1-methyl-2-pentyl-",-0.01917483043407782,-0.036125945278473175
Cyclopropyl Phenyl Ketoxime,-0.01917483043407782,-0.036125945278473175
Diallyl malonate,-0.01917483043407782,-0.036125945278473175
Dihydro-4-acetoxy-2(3H)-furanone,-0.01917483043407782,-0.036125945278473175
Dimethyl trisulfide,-0.01917483043407782,-0.036125945278473175
Dimethylphosphinic fluoride,-0.01917483043407782,-0.036125945278473175
Dithiomethane,-0.01917483043407782,-0.036125945278473175
"Ethanone, 1-(2-furanyl)-",-0.01917483043407782,-0.036125945278473175
"Ethanone, 2-(formyloxy)-1-phenyl-",-0.01917483043407782,-0.036125945278473175
Ethyl (2-hydroxytetrahydrofuran-2-yl)acetate,-0.01917483043407782,-0.036125945278473175
Ethyl 2-(2-Benzoylphenyl)propanoate,-0.01917483043407782,-0.036125945278473175
Ethyl Azacyclopentane-2-ylideneacetate,-0.01917483043407782,-0.036125945278473175
Ethyl N-cyano-N-methylcarbamate,-0.01917483043407782,-0.036125945278473175
Ethyl N-cyano-N-pentylcarbamate,-0.01917483043407782,-0.036125945278473175
"Formic acid, hexyl ester",-0.01917483043407782,-0.036125945278473175
"Furan, 2,2'-[oxybis(methylene)]bis-",-0.01917483043407782,-0.036125945278473175
"Heptane, 3,4,5-trimethyl-",-0.01917483043407782,-0.036125945278473175
"Hexanal, 2-methyl-",-0.01917483043407782,-0.036125945278473175
"Hexane, 2,3-dimethyl-",-0.01917483043407782,-0.036125945278473175
ISOVALERALDEHYDE PROPYLENE GLYCOL ACETAL,-0.01917483043407782,-0.036125945278473175
"Imidazo[4,5-d]imidazole, 1,6-dihydro-",-0.01917483043407782,-0.036125945278473175
Isobutyl acrylate,-0.01917483043407782,-0.036125945278473175
"L-Alanine, N-benzoyl-, methyl ester",-0.01917483043407782,-0.036125945278473175
"METHYL 10,11-EPOXY-3,11-DIMETHYL-7-TRIFLUOROMETHYLODECA-2,6-DIENOATE",-0.01917483043407782,-0.036125945278473175
METHYL(+)-8-EPI-9-OXO-11.ALPHA.-TETRAHYDROPYRANYLOXY-15.BETA.-HYDROXY-19.ALP...,-0.01917483043407782,-0.036125945278473175
"MIXTURE OF TRANS-AND CIS-7-HYDROXY-3,7-DIMETHYL-2,4,8-NONATRIEN CARBOXYLIC ACID",-0.01917483043407782,-0.036125945278473175
"Methanamine, N,N-dimethyl-",-0.01917483043407782,-0.036125945278473175
"Methanamine, N-methyl-N-nitroso-",-0.01917483043407782,-0.036125945278473175
"Methyl (2R,3R)-(+)-2,3-Epoxy-2-methylbutanoate",-0.01917483043407782,-0.036125945278473175
Methyl 3-(Benzylamino)-2-methylpropanoate,-0.01917483043407782,-0.036125945278473175
"Methyl 3-(tert-Butyldimethylsilyloxy)-6-[(1,3)dioxan-2-yl]-2-methoxybenzoate",-0.01917483043407782,-0.036125945278473175
Methyl [(R)-2-methanesulfonyloxy-3-(4-methoxy-benzyloxy)-propyl]malonate,-0.01917483043407782,-0.036125945278473175
"N,N'-Bis(5-methyl-1H-pyrazol-3-yl)oxaldiamide",-0.01917483043407782,-0.036125945278473175
"N,N'-Dibutyl-carbodiimide",-0.01917483043407782,-0.036125945278473175
"N,N'-Diisopropylideneguanidine",-0.01917483043407782,-0.036125945278473175
"N,N,N-Trimethyl 1-(2-Methylenecyclooct-1-yl)methyl ammonium iodide",-0.01917483043407782,-0.036125945278473175
"N,N-Bis[2-(deuteriomethyl)hexyl]ethylenediamine",-0.01917483043407782,-0.036125945278473175
"N,N-Dibenzyl-2-aminoethanal",-0.01917483043407782,-0.036125945278473175
"N,N-Dimethyl-4,5,6,7-tetra-O-acetyl-2,3-anhydro-D-glycero-L-galo-heptonamide",-0.01917483043407782,-0.036125945278473175
"N,O-Bis(methoxycarbonyl)-N-((1-cyclopropyl)benzyl)hydroxyamine",-0.01917483043407782,-0.036125945278473175
N-(1'-CARBOXY-2'-MERCAPTOETHYL)PHTHALIMIDE,-0.01917483043407782,-0.036125945278473175
N-(2-Propenyloxymethyl)piperidine,-0.01917483043407782,-0.036125945278473175
N-(4-isoxazolyl)formamide,-0.01917483043407782,-0.036125945278473175
N-(Methoxymethyl)benzamide,-0.01917483043407782,-0.036125945278473175
N-3-Oxopropylcrotonylamide,-0.01917483043407782,-0.036125945278473175
N-Glyoxyloyl-[(S)-proline - benzyl ester],-0.01917483043407782,-0.036125945278473175
N-[2-Methyl-1-phenylpropyl]formamide,-0.01917483043407782,-0.036125945278473175
N-methyl-6-heptynamide,-0.01917483043407782,-0.036125945278473175
"N-tert-Butylazoxy-N,N-dimethylcarboxamide",-0.01917483043407782,-0.036125945278473175
N2-Acetyl-N1-formylhydrazide,-0.01917483043407782,-0.036125945278473175
O-Methylsulphonylacetoxime,-0.01917483043407782,-0.036125945278473175
"Octanoic acid, ethyl ester",-0.01917483043407782,-0.036125945278473175
Octyl chloroacetate,-0.01917483043407782,-0.036125945278473175
"Oxetane, 3,3-dimethyl-",-0.01917483043407782,-0.03612594527847317
"Pentanal, 2-methyl-",-0.01917483043407782,-0.03612594527847317
"Pentane, 2,3,4-trimethyl-",-0.01917483043407782,-0.036125945278473175
Phidolopin,-0.01917483043407782,-0.036125945278473175
"Phthalic acid, isobutyl 4-octyl ester",-0.01917483043407782,-0.036125945278473175
"Propane, 2-nitro-",-0.01917483043407782,-0.036125945278473175
"Propanoic acid, phenylmethyl ester",-0.01917483043407782,-0.036125945278473175
R-(-)-2-Butyl-n-octyl carbonate,-0.01917483043407782,-0.036125945278473175
"Sulfurous acid, butyl isobutyl ester",-0.01917483043407782,-0.036125945278473175
"TRANS-2,5-DIMETHOXY-3-HEXENE",-0.01917483043407782,-0.036125945278473175
TRICHLORETHANE,-0.01917483043407782,-0.036125945278473175
"Tardioxopiperazine A [cyclo-L-alanyl-5-isopentenyl-2-(1',1'-dimethylallyl)-L...",-0.01917483043407782,-0.036125945278473175
Tetrahydrofurfuryl propionate,-0.01917483043407782,-0.036125945278473175
"[2-15N]-benzo[1,2,3]triazole",-0.01917483043407782,-0.036125945278473175
anti-4-Aza-B-homo-5.alpha.-cholestan-3-one,-0.01917483043407782,-0.036125945278473175
"chloro[(1,1-dimethylethyl)dimethylsilyl]methyl chloride",-0.01917483043407782,-0.036125945278473175
"cis-1,4-Dicyano-6,6,8,8-tetramethyl-7-oxo-2,3-benzo-cis-bicyclo[3.3.1]nonane",-0.01917483043407782,-0.036125945278473175
cis-12-Octadecenoic acid methyl ester,-0.01917483043407782,-0.036125945278473175
cis-4-Methyl-3-cycloocten-1-ol,-0.01917483043407782,-0.036125945278473175
cis/trans-2-Cyclohexyl-5-methyltetrahydrofuran,-0.01917483043407782,-0.036125945278473175
"endo-1-methyl-4-isopropyl-bicyclo[2.2.2]octa-5-ene-2,3-dicarboxylic anhydride",-0.01917483043407782,-0.036125945278473175
"m-Toluic acid, 4-cyanophenyl ester",-0.01917483043407782,-0.036125945278473175
"meso-2,5-Dimethyl-3,4-hexanediol",-0.01917483043407782,-0.036125945278473175
methyl 2-nitropropanoate,-0.01917483043407782,-0.036125945278473175
methyl hydrogen 2-(methoxymethyl)-2-methylmalonate,-0.01917483043407782,-0.036125945278473175
n-Butyraldoxime,-0.01917483043407782,-0.036125945278473175
p-Methylphenyl 2-(o-methylphenyl)-2-propyl sulfone,-0.01917483043407782,-0.036125945278473175
p-Xylene,-0.01917483043407782,-0.036125945278473175
propionylcarnitine oxylactone,-0.01917483043407782,-0.036125945278473175
t-Butylphosphonyl-bis[N-di(isopropyl)amide],-0.01917483043407782,-0.036125945278473175
"trans-1,4-Dimethoxy-2-butene",-0.01917483043407782,-0.036125945278473175
"trans-2-Amino-1-[N-(2,4,6-trimethylphenylsulfonyl)amino]cyclohexane",-0.01917483043407782,-0.036125945278473175
trans-bicyclo[4.2.0]octane,-0.01917483043407782,-0.036125945278473175
( 18-O )-.beta.-Butyrolactone,-0.019174830434076858,-0.036125945278471454
( 18-O )-.beta.-Propiolactone,-0.019174830434074707,-0.036125945278477734
Chromafenozide,0.019122700877407615,-0.03290294134116388
"2-Octenal, (E)-",0.019089513772438813,0.036049564394299925
Pentanoic acid,0.018953308714927508,0.03622730745827135
"(S)-3,4-Dimethylpentanol",0.018906951567917114,0.03579576473730366
"Heptane, 4-methyl-",0.018874582164465876,0.03618252961290686
4-Fluoropyridine,0.018859021536695466,0.03648264907297477
[5-methyl-3-(3-butenyl)]isoxazole,0.018556844247913453,-0.03645418110860095
3-O-Ethoxymethyl-17.alpha.-carboxymethyl-17.beta.-estradiol,0.01815981221472331,0.036719506548480864
Farnesol,0.017976133113722363,0.008538529582565582
4-(2'-methyltetrahydrofuran-2'-yl)butanone,0.017964953156698767,0.03697996818206438
"2-Pentyne, 5-methoxy-",0.017257231002842367,0.03748579314705947
"1,3-Dioxolane, 2-butyl-2-methyl-",0.017077181690844417,0.03758672956321704
2-Oxetanone,0.01682735123193824,0.03744232751976612
"Pentane, 3,3-dimethyl-",0.01665461522976242,-0.03682690730151617
4-Quinolinecarboxaldehyde,-0.016462127649561113,-0.0011799445810406
"Tetradecanoic acid, ethyl ester",-0.0164518541915586,5.286099768929891e-4
"4,4-Dimethoxybutanal",0.01631637895539189,0.03777439423642118
"Dodecanoic acid, ethyl ester",0.0161621070832699,-0.03018701554346895
Ethyl 9-tetradecenoate,-0.01568938658544135,-6.882388876449868e-5
Hydrogen isocyanate,0.01505905670037789,0.03866474458794046
cis-2-Carbomethoxy-4-[(1-chloro-1-methyl)ethyl]terahydrofuran,-0.014523411331486049,0.001859079792603295
"Cyclononasiloxane, octadecamethyl-",-0.014205574779185727,-0.0019377088506199215
"1-[1-(Toluene-4-sulfonyl)-4,5-dihydro-1H-pyrrol-2-yl]but-2-en-1-one",-0.013583779806468962,-5.017534583860104e-4
"1-(1,3-Dimethyl-1H-pyrazol-4-yl)ethanone",0.013416390496600138,0.03686231707911548
1-bromo-1-chloropentane,0.012803791736840096,0.039675002993490194
"1-(3,5-Dibromo-4-hydroxyphenyl)-3,3-dimethylbutan-2-one",0.012770827354969564,-0.007461143502821174
"Benzenemethanol, .alpha.-methyl-, propanoate",-0.012363771271613685,-0.0336834554950545
"(3R*,4R*,5R*,6S*)-[(3,5-Dimethyl-4,6-bis-((tert-butyldimethylsilyl)oxy)-1-cy...",0.012097676871715765,-0.034957024435529824
Toluene,-0.01082170051470533,0.001736801977875399
Methyl Isobutyl Ketone,-0.010685308986320313,0.001073394283995555
"Acetic acid, nonyl ester",0.010206900766779952,0.017755837118826983
Acetic acid,-0.010203555611600773,-0.002055307263797882
"Benzoic acid, methyl ester",-0.008036245899865761,7.457541900131808e-4
"3,5-Bis(trifluoromethyl)phenyl 1-phenylpropyl Sulfone",0.007208776863568773,-0.026593442130161966
"Methane, dimethoxy-",0.006848081219649333,-0.026952702197046218
"Propanoic acid, ethyl ester",0.006750358713466786,-0.020892467086351795
3-Quinolinecarbonitrile,0.006562834943869021,-0.02723233760659547
"Butanoic acid, 2-methylcyclohexyl ester, cis-",0.006549706305617687,-0.027245113460513823
"5,6-Dihydrobenzo[c]phenanthridin-6-one",0.006467824688670514,-0.02732460772646608
"diethyl 2,6-dimethyl-4-(3-pyridazinyl)-1,4-dihydropyridine-3,5-dicarboxylate",0.006374396143968666,-0.02741491906891333
2-Acetyl-5-methylthiophene,-0.0063113288274818284,0.0028168322602196145
"1,4-Bis[2-[2-(dimethylamino)etoxy]ethenyl]benzene",-0.005028076834528715,-0.03426008827941231
O-Vinyl - Dimethylglyoxime,-0.004748117060785999,-0.03405003000139434
"4,4-Dideuteriomethoxycyclohexane",-0.003952759370817912,-0.036592843241083015
"1'-Deoxy-1'-(phenylsulfonyl)methylene]-2',3'-isopropylidene-.beta.-D-ribofur...",0.0037423396187768374,-0.01758326926006482
"1-Benzyloxy-2,6-dimethyl-8-(tetrahydropyran-2-yloxy)-(2E,6E)-2-octadiene",-0.002903811073111032,0.032712189994655354
"2-Propenoic acid, 2-methyl-, methyl ester",0.00283165655944997,-0.03053904840190704
"2,2-diethyl-1-germa-2-silabutane",-0.0027057228172828705,-0.032375862915239015
"1,4-Butanediol",0.002704400809045082,0.029416489834753284
"Cyclohexane, 1,2-dimethyl-, cis-",-0.0025299009129965415,-0.032220299362063914
2-Propyn-1-ol,-0.0025150944327399774,-0.03220711721858476
"Cycloheptasiloxane, tetradecamethyl-",0.0025008551855283203,-0.011990619541937501
"Phthalic acid, butyl cyclobutyl ester",0.0024535815450113753,0.02958791300654027
Quinoline,0.0024412398101185647,0.02959628950631693
TETRACOSAMETHYLCYCLODODECASILOXANE,0.0023190242635193333,0.02967894296823858
"Ethanol, 2-(3,3-dimethylcyclohexylidene)-",0.00228636049330143,0.029700942260010514
"Benzenemethanol, 4-methyl-",0.0022851719183007413,0.029701742050858806
"cis-4-Methylcyclohex-3-ene-1,2-diol",0.002183286598182557,-0.02739166760301328
"Ethanone, 1-(2,3,4-trimethylphenyl)-",0.0018898815239195145,-9.578731131068463e-4
Benzaldehyde,-0.0017956490995823867,-0.03155137543102374
Fumaronitrile,-0.0017652559611192667,-0.031523018796209015
(R)-(+)-4-Iodo[2.2]paracyclophane,-0.0016874787399925103,-0.03145021213306205
1-Cyclopentyl-3-acetoxypropan-1-one,-0.0016858652115748205,-0.031448698054302296
1-METHOXY-1-(TRICHLORMETHYL)CYCLOPENTANE,0.0016667403319837808,-0.027982634420408027
"Pyridine, 2,3,6-trimethyl-",-0.001630658267145421,-0.03139680402320094
L-Proline,-0.0015847303755842262,-0.03135349934871772
"2,2-Dimethyl-5-(3-methyl-2,2-pentamethylenehexahydropyrimidin-1-ylmethylene)...",-0.0015634524614402602,-0.031333395853510165
"4-Hexen-1-ol, 2-ethenyl-2,5-dimethyl-",-0.0015578979248756031,-0.031328143634687944
"Heptasiloxane, 1,1,3,3,5,5,7,7,9,9,11,11,13,13-tetradecamethyl-",-0.0015259762133320318,-0.03129792513745237
"2-Butanone, 3-methyl-",-0.0015226579430714588,-0.031294780574761386
(+-)-2-Acetylaminopentyl acetate,-0.001483564186942406,-0.03125768595470692
[(N-1-Chloroprop-2-en-2-yl)aminomethyl]benzene,-0.0014194610599270456,-0.031196671902990854
3-Ethyl-4-methyl-3-heptanol,-0.0012487247644984373,-0.03103301876661063
methyl 1-hydroxycyclopentane-1-carboxylate,-0.0012444564761438482,-0.03102890624413876
Ethyl 4-(ethyloxy)-2-oxobut-3-enoate,-0.0012233509849165667,-0.031008555702476875
"2-Pyridinecarboxylic acid, methyl ester",-0.0011764962353126877,-0.030963286185388794
3-Methylbenzyl alcohol,-0.0010472246162958466,-0.03083773942389117
Vinyl trans-cinnamate,-9.031592385924155e-4,-0.030696703833871138
"2,4-dimethyl-4-formyl-2-butenolide",-6.441064053456633e-4,-0.03044012817706028
"TRANS-4,5-DIMETHOXY-2-PENTENE",5.860286931645638e-4,-0.029169722316698295
Hexanoic acid,-4.7812043761350035e-4,-0.030273724041001003
"(4E)-2,7-Dimethyl-4-octene-3,6-dione",4.134967975319195e-4,-0.029353083518096325
6-n-Butyltetrahydropyran-2-one,4.1231837208042605e-4,0.030899146295211982
5-{Ethoxycarbonyl}-N(1)-[2'-(N,-4.053795406528905e-4,-0.03020030656637987
"2-Propanamine, 2-methyl-",-3.206592025162175e-4,-0.030114419359579966
N-Isopropyl-2-chloro-2-methyl-3-butylimine,-1.6221519654729168e-4,-0.02995269908696955
